Campaign_Row_ID,Campaign_ID,Budget,Clicks,CTR,CPC,Conversions,CPA,Conversion_Rate,Duration,Platform,Content_Type,Target_Age,Target_Gender,Region,Revenue,Spend,ROAS,Date,Impressions,Month,Quarter,CPC_Actual,CPA_Actual,ROAS_Actual,Budget_Variance,Budget_Variance_Pct
1,C3578,6390,401,0.0461,15.94,174,36.72,0.4339,20,Instagram,Carousel,35-44,Male,Europe,27840,6453.9,4.31,2025-01-19,8698,2025-01,2025Q1,16.09,37.09,4.31,63.9,0.01
2,C6702,9870,1286,0.286,7.67,821,12.02,0.6384,28,LinkedIn,Text,55+,Male,Africa,128076,10067.4,12.72,2025-01-22,4496,2025-01,2025Q1,7.83,12.26,12.72,197.4,0.02
3,C9725,7700,1684,0.2122,4.57,1060,7.26,0.6295,15,Instagram,Video,35-44,Other,North America,193980,7623.0,25.45,2024-07-23,7935,2024-07,2024Q3,4.53,7.19,25.45,-77.0,-0.01
4,C9472,8420,444,0.0961,18.96,308,27.34,0.6937,25,Google,Text,25-34,Male,North America,24024,8504.2,2.82,2024-04-20,4620,2024-04,2024Q2,19.15,27.61,2.82,84.2,0.01
5,C7601,8470,1912,0.3652,4.43,1428,5.93,0.7469,9,Google,Text,25-34,Other,Europe,277032,8046.5,34.43,2024-08-07,5235,2024-08,2024Q3,4.21,5.63,34.43,-423.5,-0.05
6,C2793,5450,663,0.0932,8.22,605,9.01,0.9125,20,YouTube,Text,45-54,Other,South America,21780,5177.5,4.21,2024-05-04,7113,2024-05,2024Q2,7.81,8.56,4.21,-272.5,-0.05
7,C8817,4420,1044,0.2902,4.23,452,9.78,0.433,13,Instagram,Text,25-34,Male,Europe,51528,4508.4,11.43,2024-08-09,3597,2024-08,2024Q3,4.32,9.97,11.43,88.4,0.02
8,C1097,7720,1001,0.1036,7.71,916,8.43,0.9151,19,YouTube,Video,18-24,Other,North America,71448,7334.0,9.74,2024-05-19,9662,2024-05,2024Q2,7.33,8.01,9.74,-386.0,-0.05
9,C9333,2070,379,0.0536,5.46,192,10.78,0.5066,29,LinkedIn,Video,25-34,Male,Africa,15744,2111.4,7.46,2024-06-16,7070,2024-06,2024Q2,5.57,11.0,7.46,41.4,0.02
10,C1232,2710,83,0.0096,32.65,54,50.19,0.6506,23,YouTube,Image,35-44,Other,Africa,7236,2628.7,2.75,2024-11-04,8645,2024-11,2024Q4,31.67,48.68,2.75,-81.3,-0.03
11,C2507,3500,1248,0.2322,2.8,556,6.29,0.4455,10,Facebook,Carousel,55+,Male,South America,97856,3500.0,27.96,2024-09-16,5374,2024-09,2024Q3,2.8,6.29,27.96,0.0,0.0
12,C7297,2250,208,0.0254,10.82,13,173.08,0.0625,19,Google,Carousel,25-34,Female,South America,598,2137.5,0.28,2024-03-10,8188,2024-03,2024Q1,10.28,164.42,0.28,-112.5,-0.05
13,C4133,7460,1326,0.1529,5.63,154,48.44,0.1161,25,YouTube,Carousel,55+,Female,Europe,22792,7609.2,3.0,2024-07-06,8672,2024-07,2024Q3,5.74,49.41,3.0,149.2,0.02
14,C5129,9490,1391,0.1627,6.82,1288,7.37,0.926,9,Facebook,Text,55+,Male,South America,136528,9774.7,13.97,2024-11-16,8549,2024-11,2024Q4,7.03,7.59,13.97,284.7,0.03
15,C2514,2810,1491,0.1635,1.88,1068,2.63,0.7163,30,Facebook,Video,55+,Male,North America,206124,2950.5,69.86,2024-06-10,9119,2024-06,2024Q2,1.98,2.76,69.86,140.5,0.05
16,C8001,3300,1765,0.2958,1.87,454,7.27,0.2572,28,YouTube,Video,18-24,Other,Asia,86260,3168.0,27.23,2024-07-19,5966,2024-07,2024Q3,1.79,6.98,27.23,-132.0,-0.04
17,C1589,9370,1696,0.2854,5.52,790,11.86,0.4658,21,Facebook,Text,55+,Male,Asia,120080,9088.9,13.21,2024-07-25,5942,2024-07,2024Q3,5.36,11.5,13.21,-281.1,-0.03
18,C6840,3290,376,0.1717,8.75,115,28.61,0.3059,9,Google,Video,55+,Male,South America,17020,3388.7,5.02,2024-09-16,2189,2024-09,2024Q3,9.01,29.47,5.02,98.7,0.03
19,C9831,9800,544,0.0781,18.01,62,158.06,0.114,23,Instagram,Carousel,45-54,Female,North America,8618,9800.0,0.88,2024-03-22,6965,2024-03,2024Q1,18.01,158.06,0.88,0.0,0.0
20,C2679,8760,419,0.0892,20.91,251,34.9,0.599,11,Instagram,Video,18-24,Other,Asia,42419,8409.6,5.04,2024-04-19,4697,2024-04,2024Q2,20.07,33.5,5.04,-350.4,-0.04
21,C9010,4120,1076,0.1946,3.83,1027,4.01,0.9545,11,Instagram,Video,45-54,Male,South America,186914,3914.0,47.76,2024-06-04,5529,2024-06,2024Q2,3.64,3.81,47.76,-206.0,-0.05
22,C5916,6950,1862,0.2108,3.73,1460,4.76,0.7841,18,Google,Image,35-44,Female,Africa,58400,6880.5,8.49,2024-02-26,8833,2024-02,2024Q1,3.7,4.71,8.49,-69.5,-0.01
23,C8963,4550,345,0.0728,13.19,139,32.73,0.4029,13,YouTube,Text,45-54,Other,Africa,19460,4641.0,4.19,2024-03-07,4739,2024-03,2024Q1,13.45,33.39,4.19,91.0,0.02
24,C3000,9940,1941,0.5882,5.12,832,11.95,0.4286,16,Facebook,Carousel,25-34,Other,North America,134784,10039.4,13.43,2024-09-29,3299,2024-09,2024Q3,5.17,12.07,13.43,99.4,0.01
25,C5698,7880,438,0.0584,17.99,49,160.82,0.1119,28,Google,Text,18-24,Male,North America,4851,7643.6,0.63,2024-09-16,7500,2024-09,2024Q3,17.45,155.99,0.63,-236.4,-0.03
26,C6694,4360,502,0.0735,8.69,453,9.62,0.9024,20,Instagram,Image,25-34,Female,South America,26274,4447.2,5.91,2025-02-06,6829,2025-02,2025Q1,8.86,9.82,5.91,87.2,0.02
27,C3220,8820,1037,0.1358,8.51,21,420.0,0.0203,26,Facebook,Image,45-54,Female,South America,777,8908.2,0.09,2024-10-26,7636,2024-10,2024Q4,8.59,424.2,0.09,88.2,0.01
28,C7995,4400,311,0.2031,14.15,260,16.92,0.836,11,YouTube,Image,18-24,Male,South America,28340,4620.0,6.13,2024-04-13,1531,2024-04,2024Q2,14.86,17.77,6.13,220.0,0.05
29,C7506,5880,1125,0.1174,5.23,977,6.02,0.8684,25,Google,Video,18-24,Female,South America,130918,6056.4,21.62,2024-02-12,9582,2024-02,2024Q1,5.38,6.2,21.62,176.4,0.03
30,C5308,7050,723,0.2075,9.75,468,15.06,0.6473,8,Facebook,Video,18-24,Other,Africa,89388,7332.0,12.19,2024-10-12,3484,2024-10,2024Q4,10.14,15.67,12.19,282.0,0.04
31,C2608,2750,1455,0.2338,1.89,1395,1.97,0.9588,12,LinkedIn,Image,55+,Male,South America,223200,2777.5,80.36,2024-03-21,6223,2024-03,2024Q1,1.91,1.99,80.36,27.5,0.01
32,C2475,6970,1832,0.3724,3.8,1141,6.11,0.6228,12,LinkedIn,Video,55+,Male,North America,128933,7318.5,17.62,2024-07-01,4919,2024-07,2024Q3,3.99,6.41,17.62,348.5,0.05
33,C3998,5140,1956,0.3191,2.63,413,12.45,0.2111,12,LinkedIn,Carousel,55+,Male,Europe,55342,5397.0,10.25,2025-02-02,6129,2025-02,2025Q1,2.76,13.07,10.25,257.0,0.05
34,C6209,3960,829,0.0893,4.78,150,26.4,0.1809,13,YouTube,Image,18-24,Female,North America,8250,3999.6,2.06,2024-10-04,9283,2024-10,2024Q4,4.82,26.66,2.06,39.6,0.01
35,C4755,4740,635,0.1876,7.46,78,60.77,0.1228,12,LinkedIn,Text,18-24,Other,North America,3354,4550.4,0.74,2024-07-13,3384,2024-07,2024Q3,7.17,58.34,0.74,-189.6,-0.04
36,C4279,8900,1967,0.4551,4.52,390,22.82,0.1983,21,Facebook,Image,18-24,Other,Europe,39390,8633.0,4.56,2024-11-11,4322,2024-11,2024Q4,4.39,22.14,4.56,-267.0,-0.03
37,C8550,6400,1500,0.5427,4.27,1263,5.07,0.842,10,LinkedIn,Carousel,18-24,Female,South America,125037,6592.0,18.97,2024-08-13,2763,2024-08,2024Q3,4.39,5.22,18.97,192.0,0.03
38,C4057,5540,54,0.0093,102.59,29,191.03,0.537,24,YouTube,Text,55+,Other,North America,5133,5263.0,0.98,2024-03-11,5806,2024-03,2024Q1,97.46,181.48,0.98,-277.0,-0.05
39,C9797,8330,1235,0.3323,6.74,907,9.18,0.7344,14,Facebook,Image,45-54,Other,Africa,134236,8746.5,15.35,2024-03-02,3716,2024-03,2024Q1,7.08,9.64,15.35,416.5,0.05
40,C4318,7440,1584,1.3834,4.7,860,8.65,0.5429,12,Google,Carousel,55+,Other,Asia,138460,7068.0,19.59,2024-04-02,1145,2024-04,2024Q2,4.46,8.22,19.59,-372.0,-0.05
41,C6182,8180,1100,0.165,7.44,452,18.1,0.4109,14,LinkedIn,Text,45-54,Other,South America,54240,8507.2,6.38,2024-03-24,6666,2024-03,2024Q1,7.73,18.82,6.38,327.2,0.04
42,C7386,9130,108,0.0155,84.54,38,240.26,0.3519,30,LinkedIn,Carousel,55+,Other,South America,7600,9586.5,0.79,2024-04-29,6967,2024-04,2024Q2,88.76,252.28,0.79,456.5,0.05
43,C3248,7360,1948,0.9634,3.78,1587,4.64,0.8147,19,Facebook,Text,45-54,Male,Europe,234876,7728.0,30.39,2024-08-26,2022,2024-08,2024Q3,3.97,4.87,30.39,368.0,0.05
44,C5065,4000,493,0.0678,8.11,473,8.46,0.9594,25,Instagram,Video,45-54,Male,South America,31218,3840.0,8.13,2024-10-08,7271,2024-10,2024Q4,7.79,8.12,8.13,-160.0,-0.04
45,C5236,2090,751,0.3623,2.78,466,4.48,0.6205,20,Instagram,Text,35-44,Female,Europe,43804,2110.9,20.75,2024-12-21,2072,2024-12,2024Q4,2.81,4.53,20.75,20.9,0.01
46,C2760,7070,1219,0.5328,5.8,204,34.66,0.1674,17,YouTube,Carousel,35-44,Female,Africa,30804,7352.8,4.19,2024-11-19,2287,2024-11,2024Q4,6.03,36.04,4.19,282.8,0.04
47,C5987,5010,312,0.0878,16.06,76,65.92,0.2436,25,LinkedIn,Video,35-44,Female,Asia,14136,4959.9,2.85,2024-06-14,3553,2024-06,2024Q2,15.9,65.26,2.85,-50.1,-0.01
48,C8070,3020,1231,0.241,2.45,492,6.14,0.3997,23,YouTube,Image,25-34,Male,Africa,44280,2989.8,14.81,2024-09-26,5107,2024-09,2024Q3,2.43,6.08,14.81,-30.2,-0.01
49,C7438,2910,544,0.086,5.35,244,11.93,0.4485,14,Instagram,Image,55+,Female,North America,20496,2764.5,7.41,2024-07-27,6325,2024-07,2024Q3,5.08,11.33,7.41,-145.5,-0.05
50,C4391,7930,224,0.0417,35.4,70,113.29,0.3125,29,YouTube,Video,35-44,Other,Europe,8330,8247.2,1.01,2024-04-15,5371,2024-04,2024Q2,36.82,117.82,1.01,317.2,0.04
51,C2588,6710,1570,0.4906,4.27,1436,4.67,0.9146,24,YouTube,Image,25-34,Other,Europe,104828,6642.9,15.78,2024-07-20,3200,2024-07,2024Q3,4.23,4.63,15.78,-67.1,-0.01
52,C7291,2470,135,0.0147,18.3,77,32.08,0.5704,8,Facebook,Video,25-34,Other,Asia,14630,2445.3,5.98,2024-03-25,9183,2024-03,2024Q1,18.11,31.76,5.98,-24.7,-0.01
53,C4765,3060,1264,0.2901,2.42,341,8.97,0.2698,16,Google,Carousel,35-44,Female,North America,28644,3029.4,9.46,2025-01-18,4357,2025-01,2025Q1,2.4,8.88,9.46,-30.6,-0.01
54,C7311,9610,423,0.3246,22.72,78,123.21,0.1844,27,YouTube,Text,45-54,Male,Europe,11622,9225.6,1.26,2024-03-28,1303,2024-03,2024Q1,21.81,118.28,1.26,-384.4,-0.04
55,C2978,2170,394,0.0655,5.51,70,31.0,0.1777,27,LinkedIn,Image,25-34,Male,South America,11130,2061.5,5.4,2024-12-15,6015,2024-12,2024Q4,5.23,29.45,5.4,-108.5,-0.05
56,C2672,8340,1564,0.249,5.33,969,8.61,0.6196,19,LinkedIn,Image,35-44,Female,South America,76551,8173.2,9.37,2024-06-23,6281,2024-06,2024Q2,5.23,8.43,9.37,-166.8,-0.02
57,C1198,5780,163,0.0478,35.46,103,56.12,0.6319,16,Instagram,Image,18-24,Female,Europe,10403,5953.4,1.75,2024-12-10,3410,2024-12,2024Q4,36.52,57.8,1.75,173.4,0.03
58,C2879,5200,1159,0.4003,4.49,143,36.36,0.1234,17,LinkedIn,Image,35-44,Female,North America,15301,5460.0,2.8,2024-12-28,2895,2024-12,2024Q4,4.71,38.18,2.8,260.0,0.05
59,C2768,5570,494,0.1625,11.28,236,23.6,0.4777,23,Facebook,Video,55+,Female,Asia,27140,5458.6,4.97,2024-07-06,3040,2024-07,2024Q3,11.05,23.13,4.97,-111.4,-0.02
60,C2382,7940,943,0.1388,8.42,160,49.62,0.1697,22,LinkedIn,Carousel,18-24,Other,South America,15200,8178.2,1.86,2024-10-28,6793,2024-10,2024Q4,8.67,51.11,1.86,238.2,0.03
61,C5327,3180,410,0.1267,7.76,396,8.03,0.9659,10,YouTube,Image,45-54,Other,Europe,30096,3339.0,9.01,2024-06-16,3235,2024-06,2024Q2,8.14,8.43,9.01,159.0,0.05
62,C8534,9130,1897,0.5738,4.81,127,71.89,0.0669,25,Facebook,Image,45-54,Female,South America,17272,9038.7,1.91,2024-09-08,3306,2024-09,2024Q3,4.76,71.17,1.91,-91.3,-0.01
63,C6153,7510,544,0.1825,13.81,88,85.34,0.1618,14,YouTube,Video,55+,Other,North America,5016,7510.0,0.67,2024-09-25,2980,2024-09,2024Q3,13.81,85.34,0.67,0.0,0.0
64,C5259,2590,980,0.2695,2.64,551,4.7,0.5622,12,Instagram,Carousel,45-54,Female,North America,24244,2486.4,9.75,2024-11-03,3636,2024-11,2024Q4,2.54,4.51,9.75,-103.6,-0.04
65,C9489,4130,935,0.7397,4.42,652,6.33,0.6973,23,LinkedIn,Text,45-54,Other,North America,119316,4088.7,29.18,2024-07-30,1264,2024-07,2024Q3,4.37,6.27,29.18,-41.3,-0.01
66,C6841,2290,919,0.0975,2.49,220,10.41,0.2394,29,Google,Carousel,25-34,Male,Europe,28380,2198.4,12.91,2024-10-16,9425,2024-10,2024Q4,2.39,9.99,12.91,-91.6,-0.04
67,C2310,2070,777,0.1777,2.66,537,3.85,0.6911,26,Facebook,Text,55+,Female,North America,79476,1966.5,40.41,2024-10-27,4372,2024-10,2024Q4,2.53,3.66,40.41,-103.5,-0.05
68,C2224,5990,393,0.0504,15.24,372,16.1,0.9466,9,Google,Video,18-24,Male,Europe,30876,5990.0,5.15,2025-01-11,7797,2025-01,2025Q1,15.24,16.1,5.15,0.0,0.0
69,C2921,6340,585,0.0809,10.84,299,21.2,0.5111,12,LinkedIn,Text,18-24,Male,Africa,56511,6403.4,8.83,2024-11-08,7231,2024-11,2024Q4,10.95,21.42,8.83,63.4,0.01
70,C6627,3190,830,0.0997,3.84,24,132.92,0.0289,26,Google,Image,35-44,Other,Africa,2520,3285.7,0.77,2024-07-13,8324,2024-07,2024Q3,3.96,136.9,0.77,95.7,0.03
71,C3701,3470,181,0.1425,19.17,173,20.06,0.9558,16,Facebook,Text,18-24,Male,North America,30794,3435.3,8.96,2024-11-29,1270,2024-11,2024Q4,18.98,19.86,8.96,-34.7,-0.01
72,C4322,3740,813,0.0875,4.6,229,16.33,0.2817,10,Google,Text,25-34,Male,North America,21526,3814.8,5.64,2024-02-24,9291,2024-02,2024Q1,4.69,16.66,5.64,74.8,0.02
73,C7266,9030,1338,1.1925,6.75,1262,7.16,0.9432,28,Instagram,Carousel,55+,Male,Africa,193086,8578.5,22.51,2024-05-26,1122,2024-05,2024Q2,6.41,6.8,22.51,-451.5,-0.05
74,C6047,5850,556,0.0561,10.52,56,104.46,0.1007,30,YouTube,Image,25-34,Female,North America,8232,6025.5,1.37,2024-12-14,9910,2024-12,2024Q4,10.84,107.6,1.37,175.5,0.03
75,C6788,4730,1724,0.478,2.74,539,8.78,0.3126,17,YouTube,Video,45-54,Male,North America,76538,4824.6,15.86,2024-08-30,3606,2024-08,2024Q3,2.8,8.95,15.86,94.6,0.02
76,C8368,9640,258,0.1527,37.36,115,83.83,0.4457,16,YouTube,Video,25-34,Male,Africa,5405,9640.0,0.56,2024-06-11,1689,2024-06,2024Q2,37.36,83.83,0.56,0.0,0.0
77,C1811,8630,1370,0.2234,6.3,650,13.28,0.4745,27,YouTube,Text,45-54,Female,North America,103350,8284.8,12.47,2024-11-16,6132,2024-11,2024Q4,6.05,12.75,12.47,-345.2,-0.04
78,C7004,5440,353,0.179,15.41,260,20.92,0.7365,28,Instagram,Carousel,45-54,Other,Africa,13260,5494.4,2.41,2024-03-14,1972,2024-03,2024Q1,15.56,21.13,2.41,54.4,0.01
79,C1533,3480,85,0.0092,40.94,40,87.0,0.4706,7,LinkedIn,Carousel,45-54,Male,Europe,5440,3445.2,1.58,2024-12-18,9239,2024-12,2024Q4,40.53,86.13,1.58,-34.8,-0.01
80,C9963,4070,489,0.0544,8.32,17,239.41,0.0348,25,LinkedIn,Carousel,25-34,Other,Africa,2584,3947.9,0.65,2025-01-17,8988,2025-01,2025Q1,8.07,232.23,0.65,-122.1,-0.03
81,C1805,5820,1447,0.1502,4.02,521,11.17,0.3601,21,Instagram,Video,55+,Female,North America,87007,5936.4,14.66,2024-07-04,9633,2024-07,2024Q3,4.1,11.39,14.66,116.4,0.02
82,C6513,4470,1315,0.2208,3.4,419,10.67,0.3186,20,Facebook,Carousel,35-44,Male,Europe,51118,4291.2,11.91,2024-06-14,5955,2024-06,2024Q2,3.26,10.24,11.91,-178.8,-0.04
83,C4429,2450,307,0.1463,7.98,23,106.52,0.0749,20,Google,Text,35-44,Female,Asia,4462,2327.5,1.92,2024-07-30,2098,2024-07,2024Q3,7.58,101.2,1.92,-122.5,-0.05
84,C2000,2050,321,0.0467,6.39,200,10.25,0.6231,9,Facebook,Video,45-54,Other,Asia,37600,2111.5,17.81,2024-10-06,6873,2024-10,2024Q4,6.58,10.56,17.81,61.5,0.03
85,C9598,7600,1069,0.2562,7.11,236,32.2,0.2208,8,LinkedIn,Image,45-54,Other,Africa,38940,7904.0,4.93,2024-08-27,4172,2024-08,2024Q3,7.39,33.49,4.93,304.0,0.04
86,C7377,2550,1223,0.3811,2.09,455,5.6,0.372,10,Instagram,Text,25-34,Female,Africa,22750,2677.5,8.5,2024-07-26,3209,2024-07,2024Q3,2.19,5.88,8.5,127.5,0.05
87,C5838,5740,1931,1.3685,2.97,1079,5.32,0.5588,11,Google,Text,45-54,Male,South America,84162,5740.0,14.66,2024-12-26,1411,2024-12,2024Q4,2.97,5.32,14.66,0.0,0.0
88,C5542,4930,723,0.2746,6.82,271,18.19,0.3748,26,YouTube,Text,18-24,Female,South America,12195,4831.4,2.52,2024-10-04,2632,2024-10,2024Q4,6.68,17.83,2.52,-98.6,-0.02
89,C1776,5900,208,0.0213,28.37,195,30.26,0.9375,25,LinkedIn,Carousel,35-44,Female,Europe,36855,5900.0,6.25,2024-03-21,9765,2024-03,2024Q1,28.37,30.26,6.25,0.0,0.0
90,C1535,6590,627,0.119,10.51,550,11.98,0.8772,11,Facebook,Carousel,18-24,Female,Asia,45650,6392.3,7.14,2024-12-24,5268,2024-12,2024Q4,10.2,11.62,7.14,-197.7,-0.03
91,C2675,4210,867,0.16,4.86,589,7.15,0.6794,25,YouTube,Carousel,45-54,Male,Asia,48298,4167.9,11.59,2024-10-26,5418,2024-10,2024Q4,4.81,7.08,11.59,-42.1,-0.01
92,C1678,4950,693,0.0853,7.14,202,24.5,0.2915,25,YouTube,Text,55+,Male,Asia,39188,4702.5,8.33,2024-11-12,8124,2024-11,2024Q4,6.79,23.28,8.33,-247.5,-0.05
93,C5887,2050,1904,1.3668,1.08,869,2.36,0.4564,9,Instagram,Video,45-54,Other,Europe,155551,2111.5,73.67,2024-10-10,1393,2024-10,2024Q4,1.11,2.43,73.67,61.5,0.03
94,C9352,8680,1288,0.4411,6.74,978,8.88,0.7593,27,LinkedIn,Text,55+,Female,Asia,63570,8680.0,7.32,2024-04-04,2919,2024-04,2024Q2,6.74,8.88,7.32,0.0,0.0
95,C2828,3310,860,0.1555,3.85,151,21.92,0.1756,29,YouTube,Carousel,55+,Other,South America,26123,3210.7,8.14,2024-06-13,5530,2024-06,2024Q2,3.73,21.26,8.14,-99.3,-0.03
96,C6119,3200,499,0.0766,6.41,175,18.29,0.3507,21,LinkedIn,Video,55+,Other,Europe,16450,3264.0,5.04,2024-11-15,6514,2024-11,2024Q4,6.54,18.65,5.04,64.0,0.02
97,C7917,8270,1722,0.6766,4.8,734,11.27,0.4262,18,Google,Carousel,55+,Other,Africa,101292,8435.4,12.01,2025-01-31,2545,2025-01,2025Q1,4.9,11.49,12.01,165.4,0.02
98,C1977,2290,635,0.0923,3.61,398,5.75,0.6268,24,LinkedIn,Image,25-34,Male,North America,65670,2290.0,28.68,2024-03-26,6879,2024-03,2024Q1,3.61,5.75,28.68,0.0,0.0
99,C5105,2360,1084,0.1645,2.18,74,31.89,0.0683,29,LinkedIn,Image,18-24,Female,Europe,8732,2478.0,3.52,2024-07-14,6589,2024-07,2024Q3,2.29,33.49,3.52,118.0,0.05
100,C2033,7290,1432,0.2646,5.09,1424,5.12,0.9944,30,YouTube,Carousel,35-44,Other,Europe,271984,7435.8,36.58,2025-01-29,5411,2025-01,2025Q1,5.19,5.22,36.58,145.8,0.02
101,C2290,7220,1930,0.3256,3.74,1559,4.63,0.8078,10,Instagram,Carousel,55+,Other,Europe,308682,7292.2,42.33,2024-04-13,5927,2024-04,2024Q2,3.78,4.68,42.33,72.2,0.01
102,C2498,5350,906,0.2328,5.91,464,11.53,0.5121,7,YouTube,Carousel,25-34,Female,North America,66816,5082.5,13.15,2024-05-31,3891,2024-05,2024Q2,5.61,10.95,13.15,-267.5,-0.05
103,C3908,6120,1493,0.1671,4.1,1320,4.64,0.8841,7,Facebook,Video,25-34,Other,South America,201960,5875.2,34.38,2024-07-05,8934,2024-07,2024Q3,3.94,4.45,34.38,-244.8,-0.04
104,C1603,7240,416,0.1065,17.4,223,32.47,0.5361,8,YouTube,Video,45-54,Male,Europe,41924,7095.2,5.91,2024-05-24,3906,2024-05,2024Q2,17.06,31.82,5.91,-144.8,-0.02
105,C5900,4510,1465,0.1502,3.08,479,9.42,0.327,22,Facebook,Video,25-34,Other,South America,49337,4600.2,10.72,2024-09-02,9753,2024-09,2024Q3,3.14,9.6,10.72,90.2,0.02
106,C5414,3820,791,0.2423,4.83,763,5.01,0.9646,27,Facebook,Carousel,55+,Male,North America,61040,3705.4,16.47,2024-09-23,3264,2024-09,2024Q3,4.68,4.86,16.47,-114.6,-0.03
107,C5130,5040,1393,0.1598,3.62,1065,4.73,0.7645,20,YouTube,Image,45-54,Female,Europe,184245,5191.2,35.49,2024-04-11,8717,2024-04,2024Q2,3.73,4.87,35.49,151.2,0.03
108,C6300,3140,1418,0.2906,2.21,407,7.71,0.287,16,Google,Text,18-24,Female,South America,18722,3045.8,6.15,2024-10-25,4879,2024-10,2024Q4,2.15,7.48,6.15,-94.2,-0.03
109,C1153,8520,1604,0.2056,5.31,1562,5.45,0.9738,8,Instagram,Image,55+,Other,North America,306152,8775.6,34.89,2024-06-12,7801,2024-06,2024Q2,5.47,5.62,34.89,255.6,0.03
110,C7525,4470,175,0.0191,25.54,132,33.86,0.7543,16,YouTube,Carousel,45-54,Other,North America,9240,4470.0,2.07,2024-05-20,9162,2024-05,2024Q2,25.54,33.86,2.07,0.0,0.0
111,C4826,9800,1943,0.8006,5.04,1641,5.97,0.8446,23,LinkedIn,Image,18-24,Female,Africa,206766,9506.0,21.75,2024-08-03,2426,2024-08,2024Q3,4.89,5.79,21.75,-294.0,-0.03
112,C4095,4970,1975,0.3107,2.52,1894,2.62,0.959,9,LinkedIn,Image,45-54,Other,Africa,140156,4771.2,29.38,2024-03-22,6356,2024-03,2024Q1,2.42,2.52,29.38,-198.8,-0.04
113,C2277,7180,157,0.054,45.73,138,52.03,0.879,17,Google,Text,18-24,Other,Africa,5106,6964.6,0.73,2024-11-16,2907,2024-11,2024Q4,44.36,50.47,0.73,-215.4,-0.03
114,C8323,5880,352,0.0384,16.7,167,35.21,0.4744,9,Google,Text,35-44,Male,Asia,11690,5762.4,2.03,2024-06-23,9166,2024-06,2024Q2,16.37,34.51,2.03,-117.6,-0.02
115,C4161,6720,856,0.2289,7.85,541,12.42,0.632,15,LinkedIn,Carousel,55+,Other,Asia,17312,6451.2,2.68,2024-08-10,3739,2024-08,2024Q3,7.54,11.92,2.68,-268.8,-0.04
116,C3297,6770,1205,0.1246,5.62,869,7.79,0.7212,11,LinkedIn,Carousel,25-34,Female,South America,69520,6837.7,10.17,2024-02-16,9670,2024-02,2024Q1,5.67,7.87,10.17,67.7,0.01
117,C6444,8840,94,0.0306,94.04,19,465.26,0.2021,14,Facebook,Video,55+,Male,South America,1938,8751.6,0.22,2024-08-15,3071,2024-08,2024Q3,93.1,460.61,0.22,-88.4,-0.01
118,C1165,9280,1573,0.1827,5.9,1310,7.08,0.8328,22,Facebook,Carousel,18-24,Female,Asia,119210,9187.2,12.98,2024-10-06,8609,2024-10,2024Q4,5.84,7.01,12.98,-92.8,-0.01
119,C3167,9600,283,0.0357,33.92,98,97.96,0.3463,23,Google,Image,18-24,Other,Asia,13328,9504.0,1.4,2025-02-02,7927,2025-02,2025Q1,33.58,96.98,1.4,-96.0,-0.01
120,C4053,9100,1739,0.7988,5.23,1662,5.48,0.9557,30,Google,Video,35-44,Female,Asia,309132,8918.0,34.66,2024-05-10,2177,2024-05,2024Q2,5.13,5.37,34.66,-182.0,-0.02
121,C9760,2640,1670,0.2384,1.58,927,2.85,0.5551,15,Google,Video,35-44,Male,North America,95481,2692.8,35.46,2024-03-22,7005,2024-03,2024Q1,1.61,2.9,35.46,52.8,0.02
122,C2990,8580,1038,0.1289,8.27,721,11.9,0.6946,26,Facebook,Text,55+,Female,Europe,124733,8236.8,15.14,2024-07-19,8052,2024-07,2024Q3,7.94,11.42,15.14,-343.2,-0.04
123,C5489,5810,806,0.0845,7.21,310,18.74,0.3846,18,LinkedIn,Video,18-24,Other,Asia,41540,5577.6,7.45,2024-04-14,9538,2024-04,2024Q2,6.92,17.99,7.45,-232.4,-0.04
124,C1479,3660,957,0.1274,3.82,900,4.07,0.9404,29,Instagram,Image,35-44,Other,North America,164700,3623.4,45.45,2024-07-11,7511,2024-07,2024Q3,3.79,4.03,45.45,-36.6,-0.01
125,C2411,4510,935,0.774,4.82,822,5.49,0.8791,14,Facebook,Carousel,18-24,Female,Africa,163578,4329.6,37.78,2024-06-21,1208,2024-06,2024Q2,4.63,5.27,37.78,-180.4,-0.04
126,C4371,4040,1117,0.3712,3.62,100,40.4,0.0895,17,YouTube,Video,55+,Male,Asia,18600,4242.0,4.38,2024-06-13,3009,2024-06,2024Q2,3.8,42.42,4.38,202.0,0.05
127,C1053,7480,1565,0.1876,4.78,544,13.75,0.3476,28,Instagram,Carousel,35-44,Female,Africa,107712,7180.8,15.0,2024-08-31,8342,2024-08,2024Q3,4.59,13.2,15.0,-299.2,-0.04
128,C1011,8680,1764,0.4456,4.92,1692,5.13,0.9592,29,Google,Carousel,55+,Other,South America,309636,9027.2,34.3,2024-12-18,3958,2024-12,2024Q4,5.12,5.34,34.3,347.2,0.04
129,C9560,5170,1017,0.2706,5.08,379,13.64,0.3727,24,Google,Video,18-24,Male,Europe,63293,5376.8,11.77,2024-05-09,3758,2024-05,2024Q2,5.29,14.19,11.77,206.8,0.04
130,C9523,4560,960,0.1255,4.75,299,15.25,0.3115,30,YouTube,Text,35-44,Female,Africa,56212,4651.2,12.09,2025-01-12,7649,2025-01,2025Q1,4.84,15.56,12.09,91.2,0.02
131,C9548,2610,1288,0.1648,2.03,699,3.73,0.5427,17,LinkedIn,Image,45-54,Male,Africa,85977,2688.3,31.98,2024-06-12,7815,2024-06,2024Q2,2.09,3.85,31.98,78.3,0.03
132,C5510,8040,1126,0.1206,7.14,715,11.24,0.635,26,Instagram,Carousel,25-34,Female,Africa,89375,8120.4,11.01,2024-09-24,9336,2024-09,2024Q3,7.21,11.36,11.01,80.4,0.01
133,C7701,6930,1558,0.5356,4.45,1000,6.93,0.6418,12,LinkedIn,Video,55+,Other,Africa,76000,6930.0,10.97,2024-05-08,2908,2024-05,2024Q2,4.45,6.93,10.97,0.0,0.0
134,C9916,9050,987,0.3324,9.17,484,18.7,0.4904,21,Google,Video,45-54,Female,Asia,87120,8597.5,10.13,2024-05-21,2969,2024-05,2024Q2,8.71,17.76,10.13,-452.5,-0.05
135,C9888,4130,881,0.119,4.69,184,22.45,0.2089,9,YouTube,Video,55+,Other,South America,23920,4130.0,5.79,2024-02-23,7403,2024-02,2024Q1,4.69,22.45,5.79,0.0,0.0
136,C8101,7400,1363,0.1394,5.43,598,12.37,0.4387,27,Instagram,Video,55+,Female,South America,85514,7548.0,11.33,2024-06-08,9777,2024-06,2024Q2,5.54,12.62,11.33,148.0,0.02
137,C3516,6840,133,0.0422,51.43,131,52.21,0.985,25,Instagram,Text,25-34,Male,Africa,11135,6566.4,1.7,2024-02-17,3151,2024-02,2024Q1,49.37,50.13,1.7,-273.6,-0.04
138,C9308,6740,279,0.0382,24.16,99,68.08,0.3548,20,LinkedIn,Text,55+,Male,Africa,6039,6672.6,0.91,2024-06-28,7303,2024-06,2024Q2,23.92,67.4,0.91,-67.4,-0.01
139,C9429,9200,1243,0.6081,7.4,318,28.93,0.2558,24,Instagram,Image,35-44,Other,North America,20352,9292.0,2.19,2024-03-02,2044,2024-03,2024Q1,7.48,29.22,2.19,92.0,0.01
140,C8305,9260,937,0.1577,9.88,795,11.65,0.8485,19,Facebook,Carousel,18-24,Other,North America,154230,8797.0,17.53,2024-04-08,5941,2024-04,2024Q2,9.39,11.07,17.53,-463.0,-0.05
141,C6143,9790,1283,0.1432,7.63,418,23.42,0.3258,25,LinkedIn,Image,55+,Male,Africa,40964,9985.8,4.1,2024-12-08,8959,2024-12,2024Q4,7.78,23.89,4.1,195.8,0.02
142,C9836,2600,388,0.0987,6.7,241,10.79,0.6211,23,YouTube,Carousel,55+,Male,North America,44585,2496.0,17.86,2024-10-10,3931,2024-10,2024Q4,6.43,10.36,17.86,-104.0,-0.04
143,C9708,5170,320,0.0926,16.16,126,41.03,0.3937,24,LinkedIn,Video,18-24,Male,South America,14616,5118.3,2.86,2025-01-07,3455,2025-01,2025Q1,15.99,40.62,2.86,-51.7,-0.01
144,C2511,3220,1094,0.2907,2.94,979,3.29,0.8949,10,YouTube,Text,55+,Other,South America,169367,3252.2,52.08,2024-09-26,3763,2024-09,2024Q3,2.97,3.32,52.08,32.2,0.01
145,C4061,7010,1452,0.1724,4.83,723,9.7,0.4979,22,YouTube,Image,18-24,Other,Africa,26028,6939.9,3.75,2024-06-12,8422,2024-06,2024Q2,4.78,9.6,3.75,-70.1,-0.01
146,C6408,7300,1818,0.8527,4.02,1243,5.87,0.6837,21,LinkedIn,Carousel,55+,Female,Africa,78309,7227.0,10.84,2024-06-26,2132,2024-06,2024Q2,3.98,5.81,10.84,-73.0,-0.01
147,C5459,3590,1427,0.2272,2.52,1411,2.54,0.9888,13,Facebook,Text,18-24,Male,Asia,64906,3446.4,18.83,2024-06-13,6280,2024-06,2024Q2,2.42,2.44,18.83,-143.6,-0.04
148,C8044,5110,1635,0.372,3.13,804,6.36,0.4917,28,Facebook,Video,35-44,Other,South America,107736,4905.6,21.96,2024-08-27,4395,2024-08,2024Q3,3.0,6.1,21.96,-204.4,-0.04
149,C5147,4200,1189,0.2353,3.53,127,33.07,0.1068,30,Instagram,Carousel,18-24,Other,Africa,5588,4032.0,1.39,2024-03-26,5053,2024-03,2024Q1,3.39,31.75,1.39,-168.0,-0.04
150,C1785,8300,1193,0.8166,6.96,429,19.35,0.3596,30,Instagram,Video,25-34,Male,Africa,50622,7885.0,6.42,2024-09-22,1460,2024-09,2024Q3,6.61,18.38,6.42,-415.0,-0.05
151,C4676,5860,1395,0.1688,4.2,310,18.9,0.2222,30,LinkedIn,Carousel,18-24,Female,South America,31930,5684.2,5.62,2024-05-24,8264,2024-05,2024Q2,4.07,18.34,5.62,-175.8,-0.03
152,C8990,5530,1658,0.3106,3.34,435,12.71,0.2624,15,Facebook,Text,35-44,Male,Africa,27405,5253.5,5.22,2024-09-06,5338,2024-09,2024Q3,3.17,12.08,5.22,-276.5,-0.05
153,C5792,6550,1154,0.1215,5.68,710,9.23,0.6153,9,Facebook,Carousel,45-54,Other,Europe,29110,6288.0,4.63,2024-11-01,9497,2024-11,2024Q4,5.45,8.86,4.63,-262.0,-0.04
154,C4699,5150,1065,0.2451,4.84,216,23.84,0.2028,25,LinkedIn,Text,18-24,Other,North America,35640,4944.0,7.21,2024-03-18,4345,2024-03,2024Q1,4.64,22.89,7.21,-206.0,-0.04
155,C3176,9790,813,0.3331,12.04,131,74.73,0.1611,13,LinkedIn,Text,35-44,Other,North America,7074,9887.9,0.72,2024-05-31,2440,2024-05,2024Q2,12.16,75.48,0.72,97.9,0.01
156,C3273,5240,1542,0.2594,3.4,639,8.2,0.4144,29,Instagram,Video,18-24,Female,Asia,109269,5187.6,21.06,2024-05-13,5944,2024-05,2024Q2,3.36,8.12,21.06,-52.4,-0.01
157,C9673,9140,279,0.1269,32.76,157,58.22,0.5627,19,Facebook,Text,35-44,Female,North America,10205,9048.6,1.13,2024-06-21,2198,2024-06,2024Q2,32.43,57.63,1.13,-91.4,-0.01
158,C4126,2770,1909,0.7918,1.45,1311,2.11,0.6867,26,YouTube,Carousel,25-34,Male,Asia,98325,2880.8,34.13,2024-10-14,2410,2024-10,2024Q4,1.51,2.2,34.13,110.8,0.04
159,C4213,2860,877,0.1099,3.26,672,4.26,0.7662,10,LinkedIn,Image,35-44,Male,Europe,98784,2717.0,36.36,2024-07-09,7979,2024-07,2024Q3,3.1,4.04,36.36,-143.0,-0.05
160,C9401,8400,119,0.0207,70.59,115,73.04,0.9664,10,Instagram,Text,35-44,Female,South America,12650,8148.0,1.55,2024-07-03,5748,2024-07,2024Q3,68.47,70.85,1.55,-252.0,-0.03
161,C3703,2860,1737,0.178,1.65,145,19.72,0.0835,18,LinkedIn,Carousel,55+,Male,Africa,9280,2802.8,3.31,2024-09-03,9758,2024-09,2024Q3,1.61,19.33,3.31,-57.2,-0.02
162,C4846,2360,1668,0.6622,1.41,509,4.64,0.3052,25,Instagram,Carousel,18-24,Other,North America,42756,2360.0,18.12,2024-02-26,2518,2024-02,2024Q1,1.41,4.64,18.12,0.0,0.0
163,C8078,2790,1243,0.1268,2.24,403,6.92,0.3242,14,Facebook,Text,55+,Other,South America,26195,2706.3,9.68,2024-03-22,9802,2024-03,2024Q1,2.18,6.72,9.68,-83.7,-0.03
164,C5390,5930,551,0.1005,10.76,247,24.01,0.4483,11,YouTube,Video,45-54,Other,Europe,25441,6226.5,4.09,2024-10-27,5482,2024-10,2024Q4,11.3,25.21,4.09,296.5,0.05
165,C9376,7070,427,0.0757,16.56,60,117.83,0.1405,19,Facebook,Text,55+,Male,Africa,10200,7423.5,1.37,2024-08-19,5640,2024-08,2024Q3,17.39,123.72,1.37,353.5,0.05
166,C4004,3350,463,0.1223,7.24,50,67.0,0.108,7,YouTube,Image,35-44,Male,Europe,3500,3350.0,1.04,2024-08-12,3785,2024-08,2024Q3,7.24,67.0,1.04,0.0,0.0
167,C5589,2410,1890,0.2376,1.28,1089,2.21,0.5762,24,Facebook,Text,18-24,Other,North America,130680,2482.3,52.64,2024-10-29,7954,2024-10,2024Q4,1.31,2.28,52.64,72.3,0.03
168,C2306,6060,1411,0.1749,4.29,119,50.92,0.0843,18,LinkedIn,Text,35-44,Male,Africa,3927,5878.2,0.67,2025-01-17,8067,2025-01,2025Q1,4.17,49.4,0.67,-181.8,-0.03
169,C5677,2900,1284,0.3179,2.26,971,2.99,0.7562,11,Facebook,Text,45-54,Male,Africa,118462,2929.0,40.44,2024-02-19,4039,2024-02,2024Q1,2.28,3.02,40.44,29.0,0.01
170,C7450,6360,1273,0.1978,5.0,126,50.48,0.099,29,LinkedIn,Image,35-44,Female,Africa,13356,6296.4,2.12,2025-01-09,6435,2025-01,2025Q1,4.95,49.97,2.12,-63.6,-0.01
171,C5033,3780,1493,0.3136,2.53,1475,2.56,0.9879,13,Facebook,Video,35-44,Female,Africa,205025,3855.6,53.18,2024-07-05,4760,2024-07,2024Q3,2.58,2.61,53.18,75.6,0.02
172,C8674,2880,1476,0.1791,1.95,288,10.0,0.1951,7,LinkedIn,Video,25-34,Female,Africa,23328,2995.2,7.79,2025-02-05,8241,2025-02,2025Q1,2.03,10.4,7.79,115.2,0.04
173,C6099,9530,132,0.0393,72.2,13,733.08,0.0985,13,Facebook,Text,25-34,Other,North America,1768,9148.8,0.19,2024-10-29,3358,2024-10,2024Q4,69.31,703.75,0.19,-381.2,-0.04
174,C7138,3220,1024,0.2461,3.14,145,22.21,0.1416,7,YouTube,Image,18-24,Female,Africa,13485,3155.6,4.27,2024-03-12,4160,2024-03,2024Q1,3.08,21.76,4.27,-64.4,-0.02
175,C4844,7660,325,0.0762,23.57,295,25.97,0.9077,14,YouTube,Video,45-54,Female,Asia,45430,8043.0,5.65,2025-01-14,4265,2025-01,2025Q1,24.75,27.26,5.65,383.0,0.05
176,C5515,7990,1982,0.2559,4.03,1315,6.08,0.6635,30,LinkedIn,Carousel,25-34,Other,Asia,222235,7910.1,28.1,2024-03-05,7745,2024-03,2024Q1,3.99,6.02,28.1,-79.9,-0.01
177,C1746,2830,836,0.2042,3.39,355,7.97,0.4246,16,LinkedIn,Video,25-34,Male,Europe,65675,2914.9,22.53,2024-06-05,4094,2024-06,2024Q2,3.49,8.21,22.53,84.9,0.03
178,C9933,7120,1159,1.0975,6.14,980,7.27,0.8456,8,Facebook,Image,45-54,Other,South America,193060,6906.4,27.95,2024-05-11,1056,2024-05,2024Q2,5.96,7.05,27.95,-213.6,-0.03
179,C8825,2700,1680,0.2335,1.61,1138,2.37,0.6774,28,LinkedIn,Text,45-54,Male,Asia,171838,2565.0,66.99,2024-02-15,7194,2024-02,2024Q1,1.53,2.25,66.99,-135.0,-0.05
180,C7975,6610,213,0.0293,31.03,101,65.45,0.4742,16,YouTube,Carousel,25-34,Other,South America,19392,6345.6,3.06,2024-06-24,7269,2024-06,2024Q2,29.79,62.83,3.06,-264.4,-0.04
181,C7607,2610,1508,0.4763,1.73,131,19.92,0.0869,13,Instagram,Carousel,25-34,Other,North America,14541,2557.8,5.68,2024-09-09,3166,2024-09,2024Q3,1.7,19.53,5.68,-52.2,-0.02
182,C9454,8740,1817,0.3532,4.81,1346,6.49,0.7408,14,Facebook,Carousel,25-34,Male,North America,254394,8740.0,29.11,2024-10-30,5144,2024-10,2024Q4,4.81,6.49,29.11,0.0,0.0
183,C8148,7380,168,0.0446,43.93,17,434.12,0.1012,27,LinkedIn,Text,35-44,Female,Africa,646,7675.2,0.08,2024-12-14,3766,2024-12,2024Q4,45.69,451.48,0.08,295.2,0.04
184,C7717,2480,959,0.1162,2.59,849,2.92,0.8853,18,LinkedIn,Video,25-34,Male,Africa,26319,2504.8,10.51,2024-07-22,8253,2024-07,2024Q3,2.61,2.95,10.51,24.8,0.01
185,C9867,6110,1689,0.3424,3.62,622,9.82,0.3683,9,LinkedIn,Carousel,35-44,Other,Asia,72774,6048.9,12.03,2024-05-19,4932,2024-05,2024Q2,3.58,9.72,12.03,-61.1,-0.01
186,C3387,6750,1677,0.5581,4.03,1015,6.65,0.6052,12,Google,Carousel,35-44,Other,South America,156310,6547.5,23.87,2024-08-20,3004,2024-08,2024Q3,3.9,6.45,23.87,-202.5,-0.03
187,C1341,4630,859,0.2088,5.39,735,6.3,0.8556,29,Facebook,Carousel,18-24,Female,Europe,127890,4630.0,27.62,2024-04-17,4113,2024-04,2024Q2,5.39,6.3,27.62,0.0,0.0
188,C2816,8390,1448,0.79,5.79,1432,5.86,0.989,27,Facebook,Image,18-24,Male,Asia,173272,8306.1,20.86,2024-08-11,1832,2024-08,2024Q3,5.74,5.8,20.86,-83.9,-0.01
189,C5907,8030,352,0.0495,22.81,288,27.88,0.8182,14,Facebook,Video,18-24,Female,Europe,22752,7869.4,2.89,2025-02-03,7111,2025-02,2025Q1,22.36,27.32,2.89,-160.6,-0.02
190,C5355,5490,1765,0.4453,3.11,666,8.24,0.3773,15,YouTube,Text,35-44,Male,Asia,22644,5764.5,3.93,2024-12-11,3963,2024-12,2024Q4,3.27,8.66,3.93,274.5,0.05
191,C5938,4630,1667,1.5252,2.78,1446,3.2,0.8674,9,Instagram,Text,45-54,Male,South America,160506,4537.4,35.37,2024-12-10,1092,2024-12,2024Q4,2.72,3.14,35.37,-92.6,-0.02
192,C3935,5000,321,0.1499,15.58,307,16.29,0.9564,21,Facebook,Text,35-44,Male,North America,20876,4850.0,4.3,2024-07-09,2141,2024-07,2024Q3,15.11,15.8,4.3,-150.0,-0.03
193,C7449,2160,1164,0.4856,1.86,862,2.51,0.7405,21,Google,Carousel,25-34,Other,North America,124990,2203.2,56.73,2024-07-09,2397,2024-07,2024Q3,1.89,2.56,56.73,43.2,0.02
194,C3181,8370,732,0.2679,11.43,594,14.09,0.8115,24,YouTube,Text,18-24,Male,South America,48114,8370.0,5.75,2024-07-22,2732,2024-07,2024Q3,11.43,14.09,5.75,0.0,0.0
195,C4782,6260,1573,0.1804,3.98,487,12.85,0.3096,13,Google,Video,35-44,Male,Asia,19967,6510.4,3.07,2025-01-29,8719,2025-01,2025Q1,4.14,13.37,3.07,250.4,0.04
196,C5794,9240,877,0.0914,10.54,472,19.58,0.5382,17,Instagram,Image,18-24,Other,Africa,82128,8962.8,9.16,2024-05-24,9595,2024-05,2024Q2,10.22,18.99,9.16,-277.2,-0.03
197,C7681,8840,299,0.1449,29.57,226,39.12,0.7559,20,YouTube,Video,18-24,Other,Asia,28476,8840.0,3.22,2024-12-02,2063,2024-12,2024Q4,29.57,39.12,3.22,0.0,0.0
198,C3996,5140,1134,0.1614,4.53,687,7.48,0.6058,16,Facebook,Carousel,35-44,Male,South America,33663,5037.2,6.68,2025-01-11,7026,2025-01,2025Q1,4.44,7.33,6.68,-102.8,-0.02
199,C1555,9360,838,0.0879,11.17,832,11.25,0.9928,30,LinkedIn,Carousel,35-44,Other,South America,154752,9172.8,16.87,2024-10-11,9533,2024-10,2024Q4,10.95,11.02,16.87,-187.2,-0.02
200,C2434,8140,1491,0.3777,5.46,1279,6.36,0.8578,24,Instagram,Video,45-54,Other,Africa,203361,8384.2,24.26,2025-01-28,3947,2025-01,2025Q1,5.62,6.56,24.26,244.2,0.03
201,C8502,8310,842,0.0996,9.87,484,17.17,0.5748,25,Instagram,Image,18-24,Other,Asia,82280,8725.5,9.43,2025-02-01,8453,2025-02,2025Q1,10.36,18.03,9.43,415.5,0.05
202,C3055,2350,1387,0.1809,1.69,734,3.2,0.5292,15,YouTube,Carousel,25-34,Other,Asia,104228,2420.5,43.06,2024-10-10,7667,2024-10,2024Q4,1.75,3.3,43.06,70.5,0.03
203,C6872,5230,897,0.1636,5.83,335,15.61,0.3735,20,Google,Video,25-34,Other,Europe,64990,5073.1,12.81,2024-12-23,5482,2024-12,2024Q4,5.66,15.14,12.81,-156.9,-0.03
204,C7596,2190,254,0.0572,8.62,239,9.16,0.9409,8,Instagram,Carousel,35-44,Male,Africa,7170,2102.4,3.41,2024-07-12,4440,2024-07,2024Q3,8.28,8.8,3.41,-87.6,-0.04
205,C2221,7460,645,0.1664,11.57,95,78.53,0.1473,11,LinkedIn,Video,45-54,Other,Africa,18335,7683.8,2.39,2024-10-09,3876,2024-10,2024Q4,11.91,80.88,2.39,223.8,0.03
206,C9288,8800,1692,1.5424,5.2,1462,6.02,0.8641,30,LinkedIn,Image,18-24,Female,Asia,119884,8360.0,14.34,2024-10-12,1096,2024-10,2024Q4,4.94,5.72,14.34,-440.0,-0.05
207,C9249,6740,595,0.3504,11.33,567,11.89,0.9529,8,LinkedIn,Video,45-54,Other,Europe,36288,6874.8,5.28,2024-02-27,1698,2024-02,2024Q1,11.55,12.12,5.28,134.8,0.02
208,C4482,9110,1100,0.6691,8.28,661,13.78,0.6009,11,Facebook,Image,55+,Male,North America,104438,9565.5,10.92,2024-12-21,1643,2024-12,2024Q4,8.7,14.47,10.92,455.5,0.05
209,C5313,6190,1673,1.5405,3.7,1321,4.69,0.7896,26,Facebook,Video,55+,Other,Europe,81902,6313.8,12.97,2024-10-15,1086,2024-10,2024Q4,3.77,4.78,12.97,123.8,0.02
210,C5399,6550,1382,0.6476,4.74,407,16.09,0.2945,14,Facebook,Text,35-44,Male,South America,71632,6222.5,11.51,2024-07-21,2134,2024-07,2024Q3,4.5,15.29,11.51,-327.5,-0.05
211,C5557,6620,962,0.4779,6.88,917,7.22,0.9532,15,Google,Video,25-34,Other,Africa,53186,6951.0,7.65,2024-06-30,2012,2024-06,2024Q2,7.23,7.58,7.65,331.0,0.05
212,C6874,5890,484,0.0534,12.17,237,24.85,0.4897,17,Instagram,Video,45-54,Male,South America,22041,5831.1,3.78,2024-10-29,9063,2024-10,2024Q4,12.05,24.6,3.78,-58.9,-0.01
213,C5999,2540,1598,0.6389,1.59,854,2.97,0.5344,24,LinkedIn,Carousel,25-34,Other,North America,157136,2514.6,62.49,2024-02-22,2501,2024-02,2024Q1,1.57,2.94,62.49,-25.4,-0.01
214,C3701,7380,1697,0.2188,4.35,518,14.25,0.3052,26,Google,Text,55+,Other,Europe,76664,7011.0,10.93,2024-06-07,7755,2024-06,2024Q2,4.13,13.53,10.93,-369.0,-0.05
215,C1508,7610,526,0.2136,14.47,137,55.55,0.2605,27,Instagram,Text,18-24,Other,Asia,20413,7686.1,2.66,2024-12-13,2462,2024-12,2024Q4,14.61,56.1,2.66,76.1,0.01
216,C2576,9130,1718,0.9172,5.31,1390,6.57,0.8091,19,LinkedIn,Video,45-54,Female,North America,247420,9312.6,26.57,2024-06-30,1873,2024-06,2024Q2,5.42,6.7,26.57,182.6,0.02
217,C6242,2400,1318,0.4925,1.82,286,8.39,0.217,23,YouTube,Video,45-54,Other,Europe,33462,2280.0,14.68,2024-07-04,2676,2024-07,2024Q3,1.73,7.97,14.68,-120.0,-0.05
218,C2157,9510,622,0.5743,15.29,277,34.33,0.4453,15,Google,Carousel,45-54,Female,South America,21606,9224.7,2.34,2024-11-27,1083,2024-11,2024Q4,14.83,33.3,2.34,-285.3,-0.03
219,C1002,9950,1806,0.1819,5.51,1612,6.17,0.8926,25,Facebook,Carousel,18-24,Female,Asia,320788,10348.0,31.0,2024-06-22,9928,2024-06,2024Q2,5.73,6.42,31.0,398.0,0.04
220,C9559,4960,1351,0.1527,3.67,141,35.18,0.1044,23,LinkedIn,Text,35-44,Male,South America,6627,4960.0,1.34,2024-12-09,8847,2024-12,2024Q4,3.67,35.18,1.34,0.0,0.0
221,C8244,3790,929,0.1444,4.08,93,40.75,0.1001,15,Google,Text,35-44,Male,Africa,9486,3827.9,2.48,2025-01-19,6433,2025-01,2025Q1,4.12,41.16,2.48,37.9,0.01
222,C2340,3400,1173,0.1277,2.9,1018,3.34,0.8679,7,Facebook,Text,45-54,Male,Europe,123178,3434.0,35.87,2024-10-23,9185,2024-10,2024Q4,2.93,3.37,35.87,34.0,0.01
223,C7255,3650,1187,0.1673,3.07,130,28.08,0.1095,7,YouTube,Text,35-44,Female,Europe,5200,3540.5,1.47,2024-10-05,7095,2024-10,2024Q4,2.98,27.23,1.47,-109.5,-0.03
224,C8218,5940,107,0.0664,55.51,43,138.14,0.4019,7,YouTube,Carousel,45-54,Other,Africa,7697,5643.0,1.36,2024-03-11,1611,2024-03,2024Q1,52.74,131.23,1.36,-297.0,-0.05
225,C7331,4040,846,0.0902,4.78,522,7.74,0.617,24,YouTube,Video,25-34,Female,Asia,41238,4201.6,9.81,2024-10-05,9379,2024-10,2024Q4,4.97,8.05,9.81,161.6,0.04
226,C6586,4400,1049,0.1456,4.19,16,275.0,0.0153,20,Google,Carousel,18-24,Female,Asia,2464,4356.0,0.57,2024-02-18,7204,2024-02,2024Q1,4.15,272.25,0.57,-44.0,-0.01
227,C1413,2390,296,0.0321,8.07,204,11.72,0.6892,27,Google,Video,25-34,Male,Africa,38760,2366.1,16.38,2025-01-27,9221,2025-01,2025Q1,7.99,11.6,16.38,-23.9,-0.01
228,C6528,5760,1469,0.2613,3.92,917,6.28,0.6242,17,Facebook,Carousel,35-44,Male,Europe,78862,5702.4,13.83,2024-06-19,5621,2024-06,2024Q2,3.88,6.22,13.83,-57.6,-0.01
229,C8829,9030,1696,0.1886,5.32,1246,7.25,0.7347,30,LinkedIn,Image,55+,Other,Asia,179424,8668.8,20.7,2024-08-13,8992,2024-08,2024Q3,5.11,6.96,20.7,-361.2,-0.04
230,C2805,9230,1553,0.4145,5.94,916,10.08,0.5898,8,Instagram,Image,18-24,Male,Africa,62288,9414.6,6.62,2025-01-18,3746,2025-01,2025Q1,6.06,10.28,6.62,184.6,0.02
231,C8023,6640,1433,0.2151,4.63,108,61.48,0.0754,14,LinkedIn,Image,55+,Female,South America,19116,6440.8,2.97,2024-06-11,6662,2024-06,2024Q2,4.49,59.64,2.97,-199.2,-0.03
232,C1542,4210,1427,0.688,2.95,277,15.2,0.1941,28,Facebook,Text,45-54,Other,Europe,12742,4167.9,3.06,2024-11-06,2074,2024-11,2024Q4,2.92,15.05,3.06,-42.1,-0.01
233,C5660,9690,1389,0.2441,6.98,1191,8.14,0.8575,10,Google,Image,55+,Other,South America,202470,9980.7,20.29,2024-11-16,5690,2024-11,2024Q4,7.19,8.38,20.29,290.7,0.03
234,C7614,9800,698,0.2913,14.04,502,19.52,0.7192,18,Instagram,Text,18-24,Male,South America,33132,9604.0,3.45,2024-07-24,2396,2024-07,2024Q3,13.76,19.13,3.45,-196.0,-0.02
235,C2469,9350,687,0.2915,13.61,192,48.7,0.2795,27,Instagram,Image,35-44,Other,South America,27264,9069.5,3.01,2024-09-26,2356,2024-09,2024Q3,13.2,47.24,3.01,-280.5,-0.03
236,C1900,6970,1562,0.5014,4.46,1530,4.56,0.9795,15,Facebook,Text,35-44,Male,Asia,73440,7039.7,10.43,2024-05-03,3115,2024-05,2024Q2,4.51,4.6,10.43,69.7,0.01
237,C1108,7010,271,0.0849,25.87,41,170.98,0.1513,11,YouTube,Carousel,25-34,Male,North America,2665,7080.1,0.38,2025-01-21,3191,2025-01,2025Q1,26.13,172.69,0.38,70.1,0.01
238,C2071,7120,903,0.1705,7.88,471,15.12,0.5216,18,YouTube,Video,45-54,Other,Europe,28260,6835.2,4.13,2024-03-04,5296,2024-03,2024Q1,7.57,14.51,4.13,-284.8,-0.04
239,C6095,3750,1251,0.176,3.0,29,129.31,0.0232,13,LinkedIn,Carousel,25-34,Other,Africa,1682,3825.0,0.44,2024-06-20,7107,2024-06,2024Q2,3.06,131.9,0.44,75.0,0.02
240,C5045,6950,407,0.1886,17.08,237,29.32,0.5823,26,Google,Video,35-44,Other,South America,46689,7297.5,6.4,2024-08-23,2158,2024-08,2024Q3,17.93,30.79,6.4,347.5,0.05
241,C4555,4200,661,0.1647,6.35,597,7.04,0.9032,21,Instagram,Video,25-34,Male,South America,46566,4200.0,11.09,2024-05-04,4013,2024-05,2024Q2,6.35,7.04,11.09,0.0,0.0
242,C4793,5700,1398,0.5603,4.08,34,167.65,0.0243,8,YouTube,Carousel,35-44,Female,South America,6256,5415.0,1.16,2024-04-25,2495,2024-04,2024Q2,3.87,159.26,1.16,-285.0,-0.05
243,C2048,3540,168,0.0557,21.07,35,101.14,0.2083,15,YouTube,Image,55+,Female,Africa,5600,3540.0,1.58,2024-03-07,3016,2024-03,2024Q1,21.07,101.14,1.58,0.0,0.0
244,C4845,4590,63,0.0222,72.86,48,95.62,0.7619,25,Google,Image,55+,Male,Asia,1776,4681.8,0.38,2024-06-17,2837,2024-06,2024Q2,74.31,97.54,0.38,91.8,0.02
245,C9774,5600,236,0.0491,23.73,33,169.7,0.1398,9,Instagram,Carousel,55+,Female,Europe,1584,5656.0,0.28,2024-11-23,4806,2024-11,2024Q4,23.97,171.39,0.28,56.0,0.01
246,C5042,2470,1187,0.3746,2.08,100,24.7,0.0842,30,Instagram,Video,55+,Other,Europe,7300,2519.4,2.9,2024-08-18,3168,2024-08,2024Q3,2.12,25.19,2.9,49.4,0.02
247,C1725,6950,1929,0.2497,3.6,1755,3.96,0.9098,17,Google,Text,18-24,Female,Asia,198315,6880.5,28.82,2024-12-10,7725,2024-12,2024Q4,3.57,3.92,28.82,-69.5,-0.01
248,C3371,5520,1922,0.2725,2.87,1727,3.2,0.8985,23,LinkedIn,Video,25-34,Other,North America,127798,5740.8,22.26,2024-11-28,7053,2024-11,2024Q4,2.99,3.32,22.26,220.8,0.04
249,C3637,4830,1936,0.3735,2.49,1529,3.16,0.7898,10,LinkedIn,Text,45-54,Male,Europe,131494,5071.5,25.93,2024-03-12,5183,2024-03,2024Q1,2.62,3.32,25.93,241.5,0.05
250,C6261,2060,1589,0.4064,1.3,600,3.43,0.3776,26,LinkedIn,Text,35-44,Other,North America,19800,2039.4,9.71,2024-08-27,3909,2024-08,2024Q3,1.28,3.4,9.71,-20.6,-0.01
251,C5561,9040,106,0.0166,85.28,68,132.94,0.6415,25,Instagram,Text,18-24,Other,North America,8636,9130.4,0.95,2024-03-18,6385,2024-03,2024Q1,86.14,134.27,0.95,90.4,0.01
252,C2077,7510,880,0.6827,8.53,820,9.16,0.9318,25,YouTube,Carousel,45-54,Other,Europe,141860,7885.5,17.99,2024-04-28,1288,2024-04,2024Q2,8.96,9.62,17.99,375.5,0.05
253,C8057,2500,140,0.0146,17.86,137,18.25,0.9786,28,YouTube,Carousel,55+,Female,North America,25482,2575.0,9.9,2024-10-04,9589,2024-10,2024Q4,18.39,18.8,9.9,75.0,0.03
254,C1737,4920,413,0.1405,11.91,90,54.67,0.2179,27,Instagram,Video,45-54,Male,North America,11790,4723.2,2.5,2024-03-21,2939,2024-03,2024Q1,11.44,52.48,2.5,-196.8,-0.04
255,C1505,8810,1778,0.2963,4.96,978,9.01,0.5501,25,Google,Carousel,55+,Other,Asia,124206,8898.1,13.96,2025-01-27,6000,2025-01,2025Q1,5.0,9.1,13.96,88.1,0.01
256,C2719,7620,1730,0.7786,4.4,231,32.99,0.1335,10,Instagram,Image,25-34,Other,Europe,31878,8001.0,3.98,2024-03-26,2221,2024-03,2024Q1,4.62,34.64,3.98,381.0,0.05
257,C7735,9420,1006,0.3327,9.36,682,13.81,0.6779,18,Instagram,Text,25-34,Male,Europe,109120,9325.8,11.7,2024-05-01,3023,2024-05,2024Q2,9.27,13.67,11.7,-94.2,-0.01
258,C6972,7760,111,0.0229,69.91,76,102.11,0.6847,19,Instagram,Video,55+,Female,Africa,9576,7604.8,1.26,2024-06-18,4847,2024-06,2024Q2,68.51,100.06,1.26,-155.2,-0.02
259,C5312,5570,136,0.0247,40.96,76,73.29,0.5588,24,Google,Image,35-44,Other,North America,6764,5291.5,1.28,2024-11-28,5506,2024-11,2024Q4,38.91,69.62,1.28,-278.5,-0.05
260,C1783,2080,1180,0.3513,1.76,1041,2.0,0.8822,8,Facebook,Image,25-34,Other,Europe,173847,1976.0,87.98,2024-02-28,3358,2024-02,2024Q1,1.67,1.9,87.98,-104.0,-0.05
261,C3792,6230,1226,0.1735,5.08,481,12.95,0.3923,23,Facebook,Video,55+,Male,Asia,68783,6354.6,10.82,2024-11-22,7066,2024-11,2024Q4,5.18,13.21,10.82,124.6,0.02
262,C9836,8280,451,0.0656,18.36,145,57.1,0.3215,17,LinkedIn,Video,45-54,Male,Africa,5220,8362.8,0.62,2024-04-20,6874,2024-04,2024Q2,18.54,57.67,0.62,82.8,0.01
263,C4093,7880,1644,0.8621,4.79,320,24.62,0.1946,8,YouTube,Carousel,35-44,Male,Africa,15360,7880.0,1.95,2024-07-31,1906,2024-07,2024Q3,4.79,24.62,1.95,0.0,0.0
264,C9838,4940,609,0.062,8.11,225,21.96,0.3695,17,Instagram,Text,18-24,Male,Africa,29250,5088.2,5.75,2024-08-22,9822,2024-08,2024Q3,8.36,22.61,5.75,148.2,0.03
265,C1176,9150,1103,0.3458,8.3,403,22.7,0.3654,25,Facebook,Text,45-54,Female,North America,47554,9058.5,5.25,2024-06-15,3189,2024-06,2024Q2,8.21,22.48,5.25,-91.5,-0.01
266,C7530,7750,287,0.0292,27.0,192,40.36,0.669,25,YouTube,Text,25-34,Other,South America,7104,7362.5,0.96,2024-09-28,9828,2024-09,2024Q3,25.65,38.35,0.96,-387.5,-0.05
267,C7692,2280,1116,0.2535,2.04,102,22.35,0.0914,18,YouTube,Video,25-34,Other,Europe,19176,2325.6,8.25,2024-10-30,4402,2024-10,2024Q4,2.08,22.8,8.25,45.6,0.02
268,C7432,8920,121,0.0486,73.72,40,223.0,0.3306,16,Google,Video,18-24,Female,Africa,6800,8920.0,0.76,2024-08-20,2489,2024-08,2024Q3,73.72,223.0,0.76,0.0,0.0
269,C8177,3350,904,0.1709,3.71,81,41.36,0.0896,10,Instagram,Carousel,55+,Other,Asia,2592,3450.5,0.75,2025-01-18,5289,2025-01,2025Q1,3.82,42.6,0.75,100.5,0.03
270,C1378,3280,74,0.0504,44.32,53,61.89,0.7162,30,Facebook,Image,45-54,Female,Africa,1643,3148.8,0.52,2024-04-03,1468,2024-04,2024Q2,42.55,59.41,0.52,-131.2,-0.04
271,C7959,3450,254,0.0474,13.58,14,246.43,0.0551,21,Google,Video,25-34,Male,Asia,2212,3346.5,0.66,2024-06-15,5358,2024-06,2024Q2,13.18,239.04,0.66,-103.5,-0.03
272,C2638,3180,972,0.0998,3.27,546,5.82,0.5617,15,LinkedIn,Carousel,55+,Female,Africa,57876,3339.0,17.33,2024-03-14,9739,2024-03,2024Q1,3.44,6.12,17.33,159.0,0.05
273,C5910,4310,577,0.1408,7.47,188,22.93,0.3258,7,Facebook,Carousel,18-24,Other,Africa,20868,4223.8,4.94,2024-08-15,4098,2024-08,2024Q3,7.32,22.47,4.94,-86.2,-0.02
274,C9293,8820,1322,0.7776,6.67,61,144.59,0.0461,16,Facebook,Video,45-54,Other,Africa,6832,9172.8,0.74,2024-02-22,1700,2024-02,2024Q1,6.94,150.37,0.74,352.8,0.04
275,C2716,6260,1549,1.2008,4.04,665,9.41,0.4293,21,Facebook,Image,25-34,Other,Europe,99750,6385.2,15.62,2024-05-20,1289,2024-05,2024Q2,4.12,9.6,15.62,125.2,0.02
276,C9055,3850,129,0.0155,29.84,101,38.12,0.7829,30,YouTube,Carousel,35-44,Other,Europe,7373,3850.0,1.92,2025-02-01,8322,2025-02,2025Q1,29.84,38.12,1.92,0.0,0.0
277,C2772,9150,826,0.1379,11.08,40,228.75,0.0484,18,Facebook,Text,18-24,Other,Asia,4960,9516.0,0.52,2024-04-05,5989,2024-04,2024Q2,11.52,237.9,0.52,366.0,0.04
278,C2972,4540,1125,0.2015,4.04,191,23.77,0.1698,7,LinkedIn,Carousel,25-34,Male,Europe,34762,4449.2,7.81,2024-04-05,5583,2024-04,2024Q2,3.95,23.29,7.81,-90.8,-0.02
279,C2481,8510,681,0.2304,12.5,636,13.38,0.9339,7,Facebook,Carousel,45-54,Male,South America,52152,8424.9,6.19,2024-07-01,2955,2024-07,2024Q3,12.37,13.25,6.19,-85.1,-0.01
280,C5611,6300,663,0.0861,9.5,446,14.13,0.6727,19,Instagram,Carousel,35-44,Male,Europe,37018,6489.0,5.7,2024-12-03,7700,2024-12,2024Q4,9.79,14.55,5.7,189.0,0.03
281,C7572,4660,729,0.0999,6.39,70,66.57,0.096,25,YouTube,Carousel,55+,Female,Africa,9870,4706.6,2.1,2025-01-07,7297,2025-01,2025Q1,6.46,67.24,2.1,46.6,0.01
282,C4973,4610,1114,0.235,4.14,159,28.99,0.1427,15,Facebook,Carousel,25-34,Male,Asia,25281,4471.7,5.65,2024-09-16,4740,2024-09,2024Q3,4.01,28.12,5.65,-138.3,-0.03
283,C4744,6980,1494,0.4468,4.67,510,13.69,0.3414,29,YouTube,Carousel,25-34,Female,South America,74970,6631.0,11.31,2024-05-04,3343,2024-05,2024Q2,4.44,13.0,11.31,-349.0,-0.05
284,C1946,2030,715,0.1761,2.84,537,3.78,0.751,14,YouTube,Carousel,25-34,Other,Africa,81624,1928.5,42.33,2025-01-20,4060,2025-01,2025Q1,2.7,3.59,42.33,-101.5,-0.05
285,C7586,3760,459,0.1544,8.19,285,13.19,0.6209,9,Instagram,Carousel,35-44,Female,South America,44460,3684.8,12.07,2024-09-26,2972,2024-09,2024Q3,8.03,12.93,12.07,-75.2,-0.02
286,C1127,2290,1109,0.68,2.06,71,32.25,0.064,9,Facebook,Video,35-44,Male,South America,6603,2381.6,2.77,2024-07-20,1630,2024-07,2024Q3,2.15,33.54,2.77,91.6,0.04
287,C6136,6100,1597,0.2081,3.82,52,117.31,0.0326,26,YouTube,Carousel,55+,Female,Africa,2756,6344.0,0.43,2024-05-31,7674,2024-05,2024Q2,3.97,122.0,0.43,244.0,0.04
288,C2281,2850,1962,0.1968,1.45,312,9.13,0.159,14,Instagram,Text,18-24,Male,South America,23088,2707.5,8.53,2024-04-26,9969,2024-04,2024Q2,1.38,8.68,8.53,-142.5,-0.05
289,C9118,2510,344,0.0468,7.3,220,11.41,0.6395,21,Google,Image,35-44,Male,Africa,43340,2459.8,17.62,2024-12-16,7350,2024-12,2024Q4,7.15,11.18,17.62,-50.2,-0.02
290,C6880,9880,927,0.1895,10.66,521,18.96,0.562,24,Instagram,Image,45-54,Other,Europe,75545,9781.2,7.72,2024-05-11,4891,2024-05,2024Q2,10.55,18.77,7.72,-98.8,-0.01
291,C6366,8240,327,0.0485,25.2,292,28.22,0.893,11,LinkedIn,Image,55+,Male,Africa,41464,8157.6,5.08,2024-07-09,6742,2024-07,2024Q3,24.95,27.94,5.08,-82.4,-0.01
292,C3759,4610,1879,0.402,2.45,867,5.32,0.4614,11,Instagram,Carousel,18-24,Other,Africa,125715,4610.0,27.27,2025-01-24,4674,2025-01,2025Q1,2.45,5.32,27.27,0.0,0.0
293,C3041,4380,348,0.0642,12.59,227,19.3,0.6523,12,Instagram,Text,55+,Female,Africa,25651,4248.6,6.04,2024-07-27,5420,2024-07,2024Q3,12.21,18.72,6.04,-131.4,-0.03
294,C4336,4930,1192,0.1204,4.14,135,36.52,0.1133,27,LinkedIn,Image,55+,Male,Africa,4590,5028.6,0.91,2024-10-18,9900,2024-10,2024Q4,4.22,37.25,0.91,98.6,0.02
295,C9305,9150,1038,0.21,8.82,80,114.38,0.0771,28,Google,Text,25-34,Other,Asia,4240,9150.0,0.46,2024-08-28,4942,2024-08,2024Q3,8.82,114.38,0.46,0.0,0.0
296,C3508,3060,487,0.136,6.28,339,9.03,0.6961,22,Instagram,Image,18-24,Other,South America,55935,2907.0,19.24,2024-04-13,3580,2024-04,2024Q2,5.97,8.58,19.24,-153.0,-0.05
297,C9092,3720,1751,0.7305,2.12,80,46.5,0.0457,20,Facebook,Carousel,18-24,Other,Europe,15200,3868.8,3.93,2024-12-16,2396,2024-12,2024Q4,2.21,48.36,3.93,148.8,0.04
298,C3215,3080,337,0.0648,9.14,37,83.24,0.1098,8,Facebook,Image,35-44,Male,North America,1369,3110.8,0.44,2024-12-16,5200,2024-12,2024Q4,9.23,84.08,0.44,30.8,0.01
299,C4306,9330,992,0.295,9.41,547,17.06,0.5514,15,LinkedIn,Image,18-24,Female,Asia,91896,9330.0,9.85,2024-04-14,3362,2024-04,2024Q2,9.41,17.06,9.85,0.0,0.0
300,C5802,3890,1343,0.2646,2.9,1135,3.43,0.8451,12,Facebook,Image,18-24,Male,South America,53345,3773.3,14.14,2024-10-10,5075,2024-10,2024Q4,2.81,3.32,14.14,-116.7,-0.03
301,C4892,6320,782,0.1964,8.08,367,17.22,0.4693,16,YouTube,Carousel,45-54,Other,Africa,49178,6572.8,7.48,2024-04-11,3981,2024-04,2024Q2,8.41,17.91,7.48,252.8,0.04
302,C5299,3310,957,0.1585,3.46,291,11.37,0.3041,28,Instagram,Carousel,35-44,Male,Africa,34338,3177.6,10.81,2025-02-04,6037,2025-02,2025Q1,3.32,10.92,10.81,-132.4,-0.04
303,C5700,2110,1157,0.1357,1.82,183,11.53,0.1582,16,Google,Image,55+,Female,North America,35319,2131.1,16.57,2024-09-17,8526,2024-09,2024Q3,1.84,11.65,16.57,21.1,0.01
304,C2361,7070,430,0.0456,16.44,238,29.71,0.5535,7,Google,Carousel,35-44,Female,Asia,37604,7423.5,5.07,2024-08-26,9429,2024-08,2024Q3,17.26,31.19,5.07,353.5,0.05
305,C5324,4080,1369,0.1374,2.98,1299,3.14,0.9489,11,Google,Carousel,35-44,Female,Asia,200046,4120.8,48.55,2024-04-05,9963,2024-04,2024Q2,3.01,3.17,48.55,40.8,0.01
306,C1822,9960,465,0.0986,21.42,176,56.59,0.3785,17,Instagram,Carousel,18-24,Other,Asia,12672,9860.4,1.29,2024-03-09,4716,2024-03,2024Q1,21.21,56.02,1.29,-99.6,-0.01
307,C1510,7900,1604,0.3808,4.93,958,8.25,0.5973,25,Facebook,Image,25-34,Male,South America,98674,8295.0,11.9,2024-04-20,4212,2024-04,2024Q2,5.17,8.66,11.9,395.0,0.05
308,C5404,5340,1176,0.2106,4.54,97,55.05,0.0825,16,Instagram,Video,35-44,Other,Africa,13095,5073.0,2.58,2024-03-09,5584,2024-03,2024Q1,4.31,52.3,2.58,-267.0,-0.05
309,C3108,9730,497,0.1624,19.58,51,190.78,0.1026,29,LinkedIn,Text,35-44,Other,Asia,4080,9438.1,0.43,2024-02-22,3060,2024-02,2024Q1,18.99,185.06,0.43,-291.9,-0.03
310,C7169,2460,813,0.0961,3.03,609,4.04,0.7491,29,LinkedIn,Image,55+,Other,North America,67599,2484.6,27.21,2024-10-11,8459,2024-10,2024Q4,3.06,4.08,27.21,24.6,0.01
311,C4316,4690,686,0.1717,6.84,207,22.66,0.3017,28,Instagram,Video,45-54,Male,North America,9108,4924.5,1.85,2025-01-27,3995,2025-01,2025Q1,7.18,23.79,1.85,234.5,0.05
312,C8539,2280,326,0.0758,6.99,131,17.4,0.4018,21,Facebook,Text,35-44,Other,Africa,14279,2348.4,6.08,2024-06-01,4300,2024-06,2024Q2,7.2,17.93,6.08,68.4,0.03
313,C4251,6680,1345,0.9655,4.97,545,12.26,0.4052,26,YouTube,Carousel,18-24,Female,South America,59405,6947.2,8.55,2024-07-13,1393,2024-07,2024Q3,5.17,12.75,8.55,267.2,0.04
314,C9343,6960,553,0.1418,12.59,204,34.12,0.3689,21,Facebook,Carousel,18-24,Male,Africa,8772,7308.0,1.2,2025-02-02,3899,2025-02,2025Q1,13.22,35.82,1.2,348.0,0.05
315,C2960,5730,1769,0.2696,3.24,501,11.44,0.2832,22,LinkedIn,Text,25-34,Other,Europe,77655,5500.8,14.12,2024-09-11,6561,2024-09,2024Q3,3.11,10.98,14.12,-229.2,-0.04
316,C2041,4820,1855,0.2154,2.6,1410,3.42,0.7601,22,Google,Text,45-54,Male,Africa,57810,4964.6,11.64,2024-11-20,8611,2024-11,2024Q4,2.68,3.52,11.64,144.6,0.03
317,C9739,5610,1272,0.4032,4.41,823,6.82,0.647,20,Instagram,Video,35-44,Male,North America,50203,5778.3,8.69,2025-02-07,3154,2025-02,2025Q1,4.54,7.02,8.69,168.3,0.03
318,C5312,5040,717,0.1881,7.03,291,17.32,0.4059,28,LinkedIn,Carousel,55+,Male,North America,48306,5140.8,9.4,2024-10-24,3811,2024-10,2024Q4,7.17,17.67,9.4,100.8,0.02
319,C1238,4940,839,0.2009,5.89,389,12.7,0.4636,12,Facebook,Text,35-44,Female,South America,17505,4989.4,3.51,2024-08-25,4176,2024-08,2024Q3,5.95,12.83,3.51,49.4,0.01
320,C2337,5010,1394,0.1841,3.59,798,6.28,0.5725,12,LinkedIn,Image,35-44,Other,Europe,158802,5260.5,30.19,2024-08-28,7571,2024-08,2024Q3,3.77,6.59,30.19,250.5,0.05
321,C2998,7850,1439,0.6306,5.46,1088,7.22,0.7561,15,Instagram,Image,45-54,Male,Europe,78336,7850.0,9.98,2024-08-26,2281,2024-08,2024Q3,5.46,7.22,9.98,0.0,0.0
322,C9868,6030,1292,0.151,4.67,1034,5.83,0.8003,13,Facebook,Carousel,25-34,Female,North America,117876,5788.8,20.36,2024-11-08,8556,2024-11,2024Q4,4.48,5.6,20.36,-241.2,-0.04
323,C3107,4760,1968,0.2412,2.42,1705,2.79,0.8664,20,Google,Carousel,18-24,Other,Africa,121055,4569.6,26.49,2024-08-18,8159,2024-08,2024Q3,2.32,2.68,26.49,-190.4,-0.04
324,C6981,4700,470,0.0522,10.0,135,34.81,0.2872,21,LinkedIn,Text,35-44,Female,Asia,18630,4606.0,4.04,2024-11-16,9003,2024-11,2024Q4,9.8,34.12,4.04,-94.0,-0.02
325,C6577,6370,1308,0.4422,4.87,1030,6.18,0.7875,7,Facebook,Carousel,35-44,Female,Asia,73130,6178.9,11.84,2024-07-23,2957,2024-07,2024Q3,4.72,6.0,11.84,-191.1,-0.03
326,C4410,2840,171,0.0184,16.61,117,24.27,0.6842,15,YouTube,Text,18-24,Other,Europe,22815,2896.8,7.88,2024-07-01,9293,2024-07,2024Q3,16.94,24.76,7.88,56.8,0.02
327,C1091,3190,579,0.2001,5.51,264,12.08,0.456,14,Instagram,Video,55+,Female,Europe,48840,3221.9,15.16,2024-12-31,2893,2024-12,2024Q4,5.56,12.2,15.16,31.9,0.01
328,C5771,5130,1854,0.6676,2.77,1515,3.39,0.8172,17,Instagram,Video,45-54,Female,North America,77265,4976.1,15.53,2024-05-08,2777,2024-05,2024Q2,2.68,3.28,15.53,-153.9,-0.03
329,C4208,5260,1309,0.1816,4.02,994,5.29,0.7594,10,Instagram,Text,55+,Male,Asia,135184,5312.6,25.45,2024-11-16,7208,2024-11,2024Q4,4.06,5.34,25.45,52.6,0.01
330,C2044,3300,955,0.5018,3.46,515,6.41,0.5393,9,YouTube,Carousel,25-34,Male,North America,88065,3201.0,27.51,2025-01-24,1903,2025-01,2025Q1,3.35,6.22,27.51,-99.0,-0.03
331,C6950,6600,526,0.0649,12.55,339,19.47,0.6445,13,Google,Video,25-34,Male,Europe,42375,6732.0,6.29,2024-03-23,8104,2024-03,2024Q1,12.8,19.86,6.29,132.0,0.02
332,C4775,3680,1990,0.6256,1.85,467,7.88,0.2347,20,YouTube,Text,35-44,Other,Asia,25218,3864.0,6.53,2024-09-03,3180,2024-09,2024Q3,1.94,8.27,6.53,184.0,0.05
333,C5384,2700,98,0.0299,27.55,58,46.55,0.5918,27,Instagram,Carousel,45-54,Female,South America,1740,2808.0,0.62,2024-03-24,3277,2024-03,2024Q1,28.65,48.41,0.62,108.0,0.04
334,C3403,7610,860,0.1245,8.85,519,14.66,0.6035,12,Instagram,Text,45-54,Female,North America,92382,7686.1,12.02,2024-08-03,6907,2024-08,2024Q3,8.94,14.81,12.02,76.1,0.01
335,C1356,9720,640,0.3912,15.19,635,15.31,0.9922,11,YouTube,Video,18-24,Male,North America,100965,9331.2,10.82,2024-11-30,1635,2024-11,2024Q4,14.58,14.69,10.82,-388.8,-0.04
336,C1713,2460,1841,0.3281,1.34,1295,1.9,0.7034,27,Google,Video,55+,Male,Europe,132090,2386.2,55.36,2024-03-31,5611,2024-03,2024Q1,1.3,1.84,55.36,-73.8,-0.03
337,C4177,2990,1057,0.1088,2.83,127,23.54,0.1202,11,YouTube,Image,18-24,Male,Europe,17780,2870.4,6.19,2024-04-19,9715,2024-04,2024Q2,2.72,22.6,6.19,-119.6,-0.04
338,C6019,7980,1477,0.182,5.4,152,52.5,0.1029,14,LinkedIn,Image,55+,Female,Europe,11096,7581.0,1.46,2024-08-30,8115,2024-08,2024Q3,5.13,49.88,1.46,-399.0,-0.05
339,C6358,5520,777,0.4269,7.1,71,77.75,0.0914,19,Google,Text,55+,Female,Europe,9372,5630.4,1.66,2025-01-08,1820,2025-01,2025Q1,7.25,79.3,1.66,110.4,0.02
340,C3652,4670,1206,0.1247,3.87,49,95.31,0.0406,10,Facebook,Text,55+,Male,Africa,7742,4529.9,1.71,2025-01-30,9671,2025-01,2025Q1,3.76,92.45,1.71,-140.1,-0.03
341,C1058,6520,1145,0.1331,5.69,454,14.36,0.3965,14,LinkedIn,Carousel,25-34,Other,North America,50848,6324.4,8.04,2024-09-25,8602,2024-09,2024Q3,5.52,13.93,8.04,-195.6,-0.03
342,C4581,3570,145,0.0146,24.62,23,155.22,0.1586,28,YouTube,Video,55+,Male,North America,713,3534.3,0.2,2025-01-26,9931,2025-01,2025Q1,24.37,153.67,0.2,-35.7,-0.01
343,C1826,2390,843,0.2071,2.84,20,119.5,0.0237,19,Instagram,Carousel,45-54,Male,Asia,3440,2461.7,1.4,2024-06-13,4070,2024-06,2024Q2,2.92,123.08,1.4,71.7,0.03
344,C2563,4830,1346,0.2754,3.59,771,6.26,0.5728,19,Facebook,Video,55+,Other,Africa,74787,4781.7,15.64,2024-12-21,4887,2024-12,2024Q4,3.55,6.2,15.64,-48.3,-0.01
345,C4300,3280,1389,0.5236,2.36,496,6.61,0.3571,30,Facebook,Image,55+,Female,North America,54560,3247.2,16.8,2025-01-11,2652,2025-01,2025Q1,2.34,6.55,16.8,-32.8,-0.01
346,C4736,5430,494,0.0964,10.99,292,18.6,0.5911,9,YouTube,Video,55+,Other,Africa,21900,5701.5,3.84,2024-07-09,5124,2024-07,2024Q3,11.54,19.53,3.84,271.5,0.05
347,C6991,8030,91,0.0365,88.24,35,229.43,0.3846,13,YouTube,Text,45-54,Male,Asia,2800,8431.5,0.33,2024-02-25,2493,2024-02,2024Q1,92.65,240.9,0.33,401.5,0.05
348,C7863,8710,1259,0.2976,6.92,646,13.48,0.5131,27,YouTube,Image,35-44,Male,South America,49742,9145.5,5.44,2024-05-20,4230,2024-05,2024Q2,7.26,14.16,5.44,435.5,0.05
349,C6080,8840,101,0.0398,87.52,48,184.17,0.4752,8,Facebook,Text,25-34,Male,Africa,5040,8486.4,0.59,2024-08-17,2537,2024-08,2024Q3,84.02,176.8,0.59,-353.6,-0.04
350,C3695,5200,1269,0.251,4.1,644,8.07,0.5075,18,Instagram,Carousel,45-54,Male,Asia,118496,5148.0,23.02,2024-03-22,5055,2024-03,2024Q1,4.06,7.99,23.02,-52.0,-0.01
351,C2267,5570,985,0.3119,5.65,890,6.26,0.9036,26,LinkedIn,Carousel,25-34,Female,Europe,138840,5625.7,24.68,2024-07-13,3158,2024-07,2024Q3,5.71,6.32,24.68,55.7,0.01
352,C5910,7760,1931,0.7453,4.02,1221,6.36,0.6323,29,YouTube,Image,18-24,Other,Europe,238095,8148.0,29.22,2024-06-29,2590,2024-06,2024Q2,4.22,6.67,29.22,388.0,0.05
353,C1744,6110,562,0.0938,10.87,456,13.4,0.8114,11,Google,Carousel,25-34,Male,South America,74328,6354.4,11.7,2024-11-26,5991,2024-11,2024Q4,11.31,13.94,11.7,244.4,0.04
354,C1100,8800,584,0.2333,15.07,464,18.97,0.7945,11,Instagram,Text,18-24,Male,Europe,18560,8712.0,2.13,2025-02-02,2503,2025-02,2025Q1,14.92,18.78,2.13,-88.0,-0.01
355,C9820,5650,1828,0.3461,3.09,74,76.35,0.0405,30,Facebook,Carousel,45-54,Other,South America,11100,5876.0,1.89,2024-06-26,5281,2024-06,2024Q2,3.21,79.41,1.89,226.0,0.04
356,C5653,2490,74,0.0095,33.65,10,249.0,0.1351,23,LinkedIn,Image,18-24,Other,Europe,1830,2614.5,0.7,2024-10-16,7789,2024-10,2024Q4,35.33,261.45,0.7,124.5,0.05
357,C9290,9880,1629,0.5734,6.07,32,308.75,0.0196,16,Facebook,Video,55+,Male,Europe,4672,10374.0,0.45,2024-03-09,2840,2024-03,2024Q1,6.37,324.19,0.45,494.0,0.05
358,C3953,5490,833,0.3264,6.59,403,13.62,0.4838,14,YouTube,Carousel,25-34,Male,South America,35867,5270.4,6.81,2024-12-06,2552,2024-12,2024Q4,6.33,13.08,6.81,-219.6,-0.04
359,C8907,2430,112,0.0246,21.7,38,63.95,0.3393,8,Facebook,Text,45-54,Male,Europe,6954,2551.5,2.73,2024-05-05,4552,2024-05,2024Q2,22.78,67.14,2.73,121.5,0.05
360,C2651,7280,156,0.0366,46.67,44,165.45,0.2821,25,Google,Carousel,45-54,Female,Africa,3916,7061.6,0.55,2024-10-21,4262,2024-10,2024Q4,45.27,160.49,0.55,-218.4,-0.03
361,C8979,5700,1138,0.2254,5.01,438,13.01,0.3849,24,LinkedIn,Video,35-44,Other,South America,68766,5700.0,12.06,2024-07-14,5048,2024-07,2024Q3,5.01,13.01,12.06,0.0,0.0
362,C4191,9460,1780,0.5285,5.31,607,15.58,0.341,15,YouTube,Video,35-44,Other,North America,20031,9176.2,2.18,2024-04-24,3368,2024-04,2024Q2,5.16,15.12,2.18,-283.8,-0.03
363,C2210,4790,590,0.1765,8.12,413,11.6,0.7,15,Instagram,Carousel,35-44,Male,North America,45430,4742.1,9.58,2024-06-27,3342,2024-06,2024Q2,8.04,11.48,9.58,-47.9,-0.01
364,C7060,3110,1996,0.2248,1.56,1380,2.25,0.6914,30,Facebook,Image,55+,Female,Asia,117300,3078.9,38.1,2024-04-17,8879,2024-04,2024Q2,1.54,2.23,38.1,-31.1,-0.01
365,C8093,9800,91,0.0101,107.69,91,107.69,1.0,8,Google,Video,55+,Female,Europe,15743,10192.0,1.54,2024-10-18,9009,2024-10,2024Q4,112.0,112.0,1.54,392.0,0.04
366,C8593,3560,1845,0.4398,1.93,832,4.28,0.4509,28,Instagram,Video,18-24,Female,Africa,59904,3382.0,17.71,2024-08-27,4195,2024-08,2024Q3,1.83,4.06,17.71,-178.0,-0.05
367,C8519,8800,1783,0.667,4.94,1557,5.65,0.8732,29,Google,Text,18-24,Female,Asia,263133,8536.0,30.83,2024-11-14,2673,2024-11,2024Q4,4.79,5.48,30.83,-264.0,-0.03
368,C6299,3780,1181,0.153,3.2,682,5.54,0.5775,26,Google,Carousel,45-54,Female,Europe,130944,3969.0,32.99,2024-10-27,7718,2024-10,2024Q4,3.36,5.82,32.99,189.0,0.05
369,C2684,8040,672,0.5758,11.96,316,25.44,0.4702,21,Facebook,Text,18-24,Other,Europe,13588,8281.2,1.64,2024-07-23,1167,2024-07,2024Q3,12.32,26.21,1.64,241.2,0.03
370,C4397,3410,889,0.3087,3.84,584,5.84,0.6569,17,LinkedIn,Carousel,35-44,Female,Africa,60152,3444.1,17.47,2024-05-30,2879,2024-05,2024Q2,3.87,5.9,17.47,34.1,0.01
371,C5998,4130,954,0.1741,4.33,741,5.57,0.7767,28,YouTube,Video,25-34,Female,Africa,125229,4295.2,29.16,2024-04-25,5479,2024-04,2024Q2,4.5,5.8,29.16,165.2,0.04
372,C3731,7620,1824,0.2646,4.18,1172,6.5,0.6425,23,Google,Text,45-54,Other,Asia,35160,7696.2,4.57,2024-08-20,6893,2024-08,2024Q3,4.22,6.57,4.57,76.2,0.01
373,C3867,4980,1184,0.3118,4.21,520,9.58,0.4392,26,Facebook,Carousel,35-44,Male,Asia,72800,4830.6,15.07,2024-04-21,3797,2024-04,2024Q2,4.08,9.29,15.07,-149.4,-0.03
374,C5096,6320,1816,0.2728,3.48,922,6.85,0.5077,30,YouTube,Video,45-54,Other,North America,142910,6509.6,21.95,2024-04-11,6656,2024-04,2024Q2,3.58,7.06,21.95,189.6,0.03
375,C6811,9490,1834,0.6379,5.17,198,47.93,0.108,13,YouTube,Image,25-34,Other,North America,32076,9205.3,3.48,2025-01-24,2875,2025-01,2025Q1,5.02,46.49,3.48,-284.7,-0.03
376,C6306,6150,1694,0.2802,3.63,355,17.32,0.2096,26,Instagram,Video,55+,Male,Africa,31240,6150.0,5.08,2024-12-21,6045,2024-12,2024Q4,3.63,17.32,5.08,0.0,0.0
377,C7707,7780,1772,0.3083,4.39,1277,6.09,0.7207,10,LinkedIn,Text,45-54,Male,Europe,130254,8169.0,15.94,2024-07-23,5747,2024-07,2024Q3,4.61,6.4,15.94,389.0,0.05
378,C3381,9320,390,0.0456,23.9,184,50.65,0.4718,16,Google,Image,55+,Male,North America,17296,9692.8,1.78,2025-01-04,8552,2025-01,2025Q1,24.85,52.68,1.78,372.8,0.04
379,C9549,9030,1704,0.6349,5.3,882,10.24,0.5176,13,LinkedIn,Text,55+,Female,Europe,44982,9210.6,4.88,2024-03-03,2683,2024-03,2024Q1,5.41,10.44,4.88,180.6,0.02
380,C2492,5750,1377,0.9978,4.18,470,12.23,0.3413,7,Facebook,Text,18-24,Female,Europe,73320,5462.5,13.42,2024-10-17,1380,2024-10,2024Q4,3.97,11.62,13.42,-287.5,-0.05
381,C7257,6120,1530,0.3998,4.0,1170,5.23,0.7647,11,LinkedIn,Video,55+,Other,North America,215280,5997.6,35.89,2024-04-10,3826,2024-04,2024Q2,3.92,5.13,35.89,-122.4,-0.02
382,C7327,6420,781,0.2883,8.22,729,8.81,0.9334,24,LinkedIn,Carousel,55+,Female,North America,139239,6355.8,21.91,2024-04-07,2708,2024-04,2024Q2,8.14,8.72,21.91,-64.2,-0.01
383,C8365,5980,349,0.0555,17.13,311,19.23,0.8911,25,Instagram,Video,45-54,Female,Africa,57224,6279.0,9.11,2024-09-19,6288,2024-09,2024Q3,17.99,20.19,9.11,299.0,0.05
384,C5953,8730,681,0.125,12.82,554,15.76,0.8135,25,LinkedIn,Image,25-34,Male,Asia,76452,9166.5,8.34,2024-08-11,5448,2024-08,2024Q3,13.46,16.55,8.34,436.5,0.05
385,C3081,2480,1475,0.2291,1.68,29,85.52,0.0197,18,Google,Text,25-34,Male,South America,2668,2405.6,1.11,2024-04-04,6438,2024-04,2024Q2,1.63,82.95,1.11,-74.4,-0.03
386,C5505,8960,968,0.2322,9.26,637,14.07,0.6581,12,Instagram,Carousel,55+,Other,Africa,35035,9139.2,3.83,2024-10-19,4168,2024-10,2024Q4,9.44,14.35,3.83,179.2,0.02
387,C2441,8710,305,0.1028,28.56,164,53.11,0.5377,23,Facebook,Carousel,55+,Other,Europe,5084,9145.5,0.56,2024-08-18,2966,2024-08,2024Q3,29.99,55.77,0.56,435.5,0.05
388,C6314,5210,714,0.1515,7.3,465,11.2,0.6513,10,Instagram,Video,25-34,Female,Asia,51150,5001.6,10.23,2025-01-22,4712,2025-01,2025Q1,7.01,10.76,10.23,-208.4,-0.04
389,C5834,4940,969,0.1986,5.1,731,6.76,0.7544,13,LinkedIn,Text,25-34,Male,Africa,116229,4841.2,24.01,2024-02-18,4879,2024-02,2024Q1,5.0,6.62,24.01,-98.8,-0.02
390,C4080,7340,488,0.2776,15.04,327,22.45,0.6701,16,YouTube,Carousel,25-34,Male,South America,47415,7340.0,6.46,2024-06-09,1757,2024-06,2024Q2,15.04,22.45,6.46,0.0,0.0
391,C5468,7020,68,0.0069,103.24,24,292.5,0.3529,27,Instagram,Image,18-24,Male,North America,2856,7020.0,0.41,2024-09-07,9855,2024-09,2024Q3,103.24,292.5,0.41,0.0,0.0
392,C6822,5300,754,0.1224,7.03,536,9.89,0.7109,20,Instagram,Text,55+,Female,South America,57352,5459.0,10.51,2025-01-29,6160,2025-01,2025Q1,7.24,10.18,10.51,159.0,0.03
393,C3521,8800,1616,0.2981,5.45,852,10.33,0.5272,9,Facebook,Carousel,35-44,Female,Africa,120984,8712.0,13.89,2024-10-21,5420,2024-10,2024Q4,5.39,10.23,13.89,-88.0,-0.01
394,C3725,8840,209,0.0444,42.3,39,226.67,0.1866,28,YouTube,Text,35-44,Other,Asia,6357,8486.4,0.75,2025-02-09,4707,2025-02,2025Q1,40.6,217.6,0.75,-353.6,-0.04
395,C4257,2160,1846,0.2266,1.17,670,3.22,0.3629,11,LinkedIn,Video,25-34,Female,Europe,44220,2052.0,21.55,2024-09-22,8146,2024-09,2024Q3,1.11,3.06,21.55,-108.0,-0.05
396,C2710,5760,1031,0.1827,5.59,933,6.17,0.9049,7,YouTube,Image,25-34,Other,Europe,34521,5875.2,5.88,2024-06-12,5643,2024-06,2024Q2,5.7,6.3,5.88,115.2,0.02
397,C9247,4070,354,0.0377,11.5,215,18.93,0.6073,24,LinkedIn,Text,55+,Other,North America,35475,4070.0,8.72,2024-07-21,9389,2024-07,2024Q3,11.5,18.93,8.72,0.0,0.0
398,C9280,9380,1395,0.2025,6.72,1376,6.82,0.9864,24,Facebook,Video,35-44,Other,South America,253184,9004.8,28.12,2025-02-01,6888,2025-02,2025Q1,6.46,6.54,28.12,-375.2,-0.04
399,C6381,5170,250,0.0271,20.68,171,30.23,0.684,10,Google,Carousel,25-34,Female,South America,27531,5273.4,5.22,2025-01-20,9225,2025-01,2025Q1,21.09,30.84,5.22,103.4,0.02
400,C5150,9450,1211,0.188,7.8,276,34.24,0.2279,7,Google,Video,55+,Other,South America,34500,9072.0,3.8,2024-07-04,6441,2024-07,2024Q3,7.49,32.87,3.8,-378.0,-0.04
401,C2717,4920,643,0.1311,7.65,50,98.4,0.0778,14,Google,Carousel,35-44,Other,South America,6450,5018.4,1.29,2024-08-20,4904,2024-08,2024Q3,7.8,100.37,1.29,98.4,0.02
402,C5033,9490,1557,1.1373,6.1,296,32.06,0.1901,25,LinkedIn,Text,45-54,Female,North America,51208,9110.4,5.62,2024-07-07,1369,2024-07,2024Q3,5.85,30.78,5.62,-379.6,-0.04
403,C6173,9940,755,0.2569,13.17,441,22.54,0.5841,26,Google,Carousel,45-54,Other,Asia,86877,9940.0,8.74,2024-07-29,2938,2024-07,2024Q3,13.17,22.54,8.74,0.0,0.0
404,C4854,7790,717,0.1391,10.86,647,12.04,0.9024,14,LinkedIn,Text,35-44,Male,Europe,29115,7634.2,3.81,2024-09-09,5154,2024-09,2024Q3,10.65,11.8,3.81,-155.8,-0.02
405,C1497,5380,1797,0.547,2.99,246,21.87,0.1369,10,Instagram,Image,45-54,Female,Europe,28536,5595.2,5.1,2024-04-09,3285,2024-04,2024Q2,3.11,22.74,5.1,215.2,0.04
406,C9982,4660,1452,0.1802,3.21,1265,3.68,0.8712,7,YouTube,Video,55+,Female,South America,49335,4846.4,10.18,2024-10-12,8057,2024-10,2024Q4,3.34,3.83,10.18,186.4,0.04
407,C1283,3290,764,0.0786,4.31,291,11.31,0.3809,28,Instagram,Video,55+,Other,South America,58200,3290.0,17.69,2024-03-25,9720,2024-03,2024Q1,4.31,11.31,17.69,0.0,0.0
408,C4136,7360,1103,0.6321,6.67,890,8.27,0.8069,24,Google,Video,45-54,Female,Europe,116590,7360.0,15.84,2024-06-27,1744,2024-06,2024Q2,6.67,8.27,15.84,0.0,0.0
409,C4037,8180,1784,0.18,4.59,186,43.98,0.1043,25,Facebook,Image,18-24,Female,South America,5952,8589.0,0.69,2024-06-22,9911,2024-06,2024Q2,4.81,46.18,0.69,409.0,0.05
410,C7284,9270,1804,0.6056,5.14,1143,8.11,0.6336,20,Google,Carousel,18-24,Other,Europe,99441,9270.0,10.73,2025-01-12,2978,2025-01,2025Q1,5.14,8.11,10.73,0.0,0.0
411,C6379,2320,821,0.0949,2.83,218,10.64,0.2655,21,Facebook,Text,25-34,Female,Africa,12208,2227.2,5.48,2024-12-08,8651,2024-12,2024Q4,2.71,10.22,5.48,-92.8,-0.04
412,C8219,4270,437,0.0671,9.77,218,19.59,0.4989,22,Google,Image,35-44,Other,Europe,31828,4312.7,7.38,2024-11-12,6512,2024-11,2024Q4,9.87,19.78,7.38,42.7,0.01
413,C9424,9820,201,0.0261,48.86,130,75.54,0.6468,14,Facebook,Image,45-54,Female,North America,11050,9918.2,1.11,2024-10-22,7701,2024-10,2024Q4,49.34,76.29,1.11,98.2,0.01
414,C1414,7850,1446,0.2259,5.43,211,37.2,0.1459,7,Google,Text,25-34,Other,Africa,10339,8242.5,1.25,2024-07-23,6401,2024-07,2024Q3,5.7,39.06,1.25,392.5,0.05
415,C1317,9460,1478,0.1544,6.4,921,10.27,0.6231,19,Facebook,Text,45-54,Male,South America,160254,9270.8,17.29,2024-09-30,9572,2024-09,2024Q3,6.27,10.07,17.29,-189.2,-0.02
416,C5675,3760,743,0.0824,5.06,50,75.2,0.0673,21,Instagram,Video,55+,Female,Europe,6250,3760.0,1.66,2024-06-28,9016,2024-06,2024Q2,5.06,75.2,1.66,0.0,0.0
417,C4602,4000,1692,0.4561,2.36,1234,3.24,0.7293,14,LinkedIn,Video,45-54,Male,South America,144378,4080.0,35.39,2024-08-18,3709,2024-08,2024Q3,2.41,3.31,35.39,80.0,0.02
418,C8479,6330,283,0.191,22.37,84,75.36,0.2968,18,Facebook,Carousel,55+,Other,Asia,11928,6013.5,1.98,2024-03-10,1481,2024-03,2024Q1,21.25,71.59,1.98,-316.5,-0.05
419,C9364,2060,697,0.0713,2.96,596,3.46,0.8551,25,YouTube,Carousel,18-24,Female,Europe,111452,2121.8,52.53,2024-12-12,9775,2024-12,2024Q4,3.04,3.56,52.53,61.8,0.03
420,C3227,7150,933,0.3523,7.66,907,7.88,0.9721,8,Google,Video,18-24,Other,North America,109747,7507.5,14.62,2024-03-24,2648,2024-03,2024Q1,8.05,8.28,14.62,357.5,0.05
421,C2057,3780,1629,0.8137,2.32,765,4.94,0.4696,7,Google,Video,55+,Female,Europe,31365,3893.4,8.06,2024-12-30,2001,2024-12,2024Q4,2.39,5.09,8.06,113.4,0.03
422,C5167,9620,114,0.0288,84.39,53,181.51,0.4649,19,LinkedIn,Video,45-54,Female,Africa,6148,9235.2,0.67,2024-07-25,3958,2024-07,2024Q3,81.01,174.25,0.67,-384.8,-0.04
423,C4578,9840,1950,0.2719,5.05,691,14.24,0.3544,21,YouTube,Video,25-34,Other,South America,29022,9643.2,3.01,2024-05-07,7171,2024-05,2024Q2,4.95,13.96,3.01,-196.8,-0.02
424,C1187,3040,968,0.1794,3.14,659,4.61,0.6808,10,Instagram,Text,25-34,Other,Africa,39540,3100.8,12.75,2024-04-30,5395,2024-04,2024Q2,3.2,4.71,12.75,60.8,0.02
425,C7175,8600,65,0.0113,132.31,42,204.76,0.6462,27,Facebook,Text,35-44,Female,South America,3066,8686.0,0.35,2024-07-30,5752,2024-07,2024Q3,133.63,206.81,0.35,86.0,0.01
426,C4107,5970,1780,0.1874,3.35,35,170.57,0.0197,29,LinkedIn,Text,35-44,Other,South America,3465,5850.6,0.59,2024-03-31,9498,2024-03,2024Q1,3.29,167.16,0.59,-119.4,-0.02
427,C6717,4900,787,0.113,6.23,634,7.73,0.8056,12,Facebook,Text,18-24,Other,North America,67204,4900.0,13.72,2025-01-12,6964,2025-01,2025Q1,6.23,7.73,13.72,0.0,0.0
428,C4255,5010,1783,0.2738,2.81,216,23.19,0.1211,10,YouTube,Carousel,25-34,Male,Asia,15552,5210.4,2.98,2024-10-31,6512,2024-10,2024Q4,2.92,24.12,2.98,200.4,0.04
429,C9768,9610,356,0.0943,26.99,89,107.98,0.25,28,Google,Image,25-34,Female,Asia,4628,9610.0,0.48,2024-07-11,3775,2024-07,2024Q3,26.99,107.98,0.48,0.0,0.0
430,C3049,5850,689,0.149,8.49,196,29.85,0.2845,7,Instagram,Text,55+,Other,Asia,29792,6084.0,4.9,2024-04-09,4624,2024-04,2024Q2,8.83,31.04,4.9,234.0,0.04
431,C4219,5820,1896,0.267,3.07,128,45.47,0.0675,11,Instagram,Carousel,18-24,Male,Africa,9728,5529.0,1.76,2025-01-06,7101,2025-01,2025Q1,2.92,43.2,1.76,-291.0,-0.05
432,C8974,9790,763,0.0818,12.83,318,30.79,0.4168,28,LinkedIn,Carousel,45-54,Male,Africa,17172,10279.5,1.67,2024-12-13,9327,2024-12,2024Q4,13.47,32.33,1.67,489.5,0.05
433,C1662,8440,1751,0.2021,4.82,871,9.69,0.4974,14,Google,Text,25-34,Female,Asia,63583,8355.6,7.61,2024-11-19,8664,2024-11,2024Q4,4.77,9.59,7.61,-84.4,-0.01
434,C9053,9400,1962,0.3452,4.79,464,20.26,0.2365,28,LinkedIn,Image,55+,Male,Europe,76096,9306.0,8.18,2025-01-27,5683,2025-01,2025Q1,4.74,20.06,8.18,-94.0,-0.01
435,C7953,4100,482,0.0526,8.51,149,27.52,0.3091,19,YouTube,Video,45-54,Male,North America,16539,3895.0,4.25,2024-05-27,9163,2024-05,2024Q2,8.08,26.14,4.25,-205.0,-0.05
436,C6725,9430,519,0.144,18.17,460,20.5,0.8863,26,LinkedIn,Video,35-44,Male,Europe,77280,9052.8,8.54,2024-08-26,3604,2024-08,2024Q3,17.44,19.68,8.54,-377.2,-0.04
437,C7311,3970,255,0.054,15.57,237,16.75,0.9294,25,YouTube,Carousel,35-44,Female,Asia,21330,4089.1,5.22,2024-10-16,4722,2024-10,2024Q4,16.04,17.25,5.22,119.1,0.03
438,C2621,4300,83,0.0208,51.81,31,138.71,0.3735,7,Google,Text,55+,Male,Africa,3131,4128.0,0.76,2025-01-12,3990,2025-01,2025Q1,49.73,133.16,0.76,-172.0,-0.04
439,C2740,9090,1315,0.1744,6.91,264,34.43,0.2008,23,Google,Image,45-54,Male,Europe,26400,9453.6,2.79,2024-09-16,7540,2024-09,2024Q3,7.19,35.81,2.79,363.6,0.04
440,C2099,3180,765,0.1483,4.16,486,6.54,0.6353,15,Instagram,Text,18-24,Male,Europe,91854,3084.6,29.78,2024-05-16,5158,2024-05,2024Q2,4.03,6.35,29.78,-95.4,-0.03
441,C1084,8020,182,0.0258,44.07,23,348.7,0.1264,15,LinkedIn,Video,18-24,Female,North America,3726,7779.4,0.48,2024-05-08,7054,2024-05,2024Q2,42.74,338.23,0.48,-240.6,-0.03
442,C6744,8090,605,0.1012,13.37,308,26.27,0.5091,8,YouTube,Text,35-44,Male,South America,40964,7766.4,5.27,2024-08-17,5978,2024-08,2024Q3,12.84,25.22,5.27,-323.6,-0.04
443,C7831,6900,305,0.0363,22.62,104,66.35,0.341,26,LinkedIn,Carousel,45-54,Female,Africa,5616,6693.0,0.84,2024-05-12,8402,2024-05,2024Q2,21.94,64.36,0.84,-207.0,-0.03
444,C5824,5350,1919,1.1457,2.79,1388,3.85,0.7233,17,YouTube,Video,25-34,Other,Asia,145740,5510.5,26.45,2024-09-01,1674,2024-09,2024Q3,2.87,3.97,26.45,160.5,0.03
445,C5104,4830,180,0.0353,26.83,84,57.5,0.4667,17,Facebook,Text,45-54,Other,South America,9576,4781.7,2.0,2024-02-12,5099,2024-02,2024Q1,26.56,56.92,2.0,-48.3,-0.01
446,C4023,8600,593,0.0973,14.5,132,65.15,0.2226,16,LinkedIn,Image,25-34,Female,North America,4224,9030.0,0.47,2024-10-06,6094,2024-10,2024Q4,15.23,68.41,0.47,430.0,0.05
447,C9157,8820,910,0.8742,9.69,804,10.97,0.8835,22,YouTube,Carousel,55+,Other,Asia,77988,8467.2,9.21,2024-04-02,1040,2024-04,2024Q2,9.3,10.53,9.21,-352.8,-0.04
448,C3302,7120,1852,0.6754,3.84,904,7.88,0.4881,20,Instagram,Video,45-54,Female,North America,169952,7262.4,23.4,2024-10-16,2742,2024-10,2024Q4,3.92,8.03,23.4,142.4,0.02
449,C2103,4890,525,0.0789,9.31,193,25.34,0.3676,22,Google,Text,18-24,Male,Europe,28564,4792.2,5.96,2024-06-14,6653,2024-06,2024Q2,9.13,24.83,5.96,-97.8,-0.02
450,C8033,3780,233,0.0465,16.22,94,40.21,0.4034,29,Google,Video,25-34,Female,Europe,15322,3780.0,4.05,2024-04-29,5010,2024-04,2024Q2,16.22,40.21,4.05,0.0,0.0
451,C7315,6290,883,0.1647,7.12,407,15.45,0.4609,23,YouTube,Video,45-54,Female,Asia,66748,5975.5,11.17,2024-12-19,5361,2024-12,2024Q4,6.77,14.68,11.17,-314.5,-0.05
452,C8114,6940,717,0.1474,9.68,341,20.35,0.4756,17,Facebook,Text,18-24,Male,Europe,21483,7287.0,2.95,2024-03-31,4864,2024-03,2024Q1,10.16,21.37,2.95,347.0,0.05
453,C9125,6820,569,0.0638,11.99,186,36.67,0.3269,19,Instagram,Carousel,35-44,Female,Asia,25668,6956.4,3.69,2024-02-12,8918,2024-02,2024Q1,12.23,37.4,3.69,136.4,0.02
454,C4469,2700,384,0.0714,7.03,172,15.7,0.4479,27,Facebook,Text,55+,Male,Europe,20124,2592.0,7.76,2024-05-07,5378,2024-05,2024Q2,6.75,15.07,7.76,-108.0,-0.04
455,C1444,7910,1520,0.7415,5.2,305,25.93,0.2007,19,Instagram,Image,18-24,Female,Europe,57340,7910.0,7.25,2024-06-18,2049,2024-06,2024Q2,5.2,25.93,7.25,0.0,0.0
456,C5373,3100,533,0.2777,5.82,357,8.68,0.6698,24,YouTube,Video,45-54,Other,South America,68187,2976.0,22.91,2024-07-27,1919,2024-07,2024Q3,5.58,8.34,22.91,-124.0,-0.04
457,C2284,8750,1345,0.2035,6.51,270,32.41,0.2007,8,Instagram,Video,55+,Male,North America,19170,8662.5,2.21,2025-02-05,6609,2025-02,2025Q1,6.44,32.08,2.21,-87.5,-0.01
458,C5932,9050,1356,0.1913,6.67,837,10.81,0.6173,30,Facebook,Text,45-54,Male,South America,32643,9412.0,3.47,2024-07-05,7088,2024-07,2024Q3,6.94,11.24,3.47,362.0,0.04
459,C1269,9680,1633,0.8157,5.93,653,14.82,0.3999,24,LinkedIn,Carousel,35-44,Male,Europe,85543,10067.2,8.5,2024-09-27,2001,2024-09,2024Q3,6.16,15.42,8.5,387.2,0.04
460,C8433,9780,725,0.0734,13.49,584,16.75,0.8055,10,Facebook,Carousel,35-44,Female,Asia,98696,9388.8,10.51,2024-08-20,9877,2024-08,2024Q3,12.95,16.08,10.51,-391.2,-0.04
461,C4957,2340,470,0.058,4.98,38,61.58,0.0809,29,Facebook,Carousel,18-24,Other,South America,6232,2410.2,2.59,2024-06-27,8103,2024-06,2024Q2,5.13,63.43,2.59,70.2,0.03
462,C6303,9900,1513,0.1692,6.54,1512,6.55,0.9993,12,Google,Text,35-44,Male,Asia,175392,9999.0,17.54,2024-10-14,8942,2024-10,2024Q4,6.61,6.61,17.54,99.0,0.01
463,C6667,4250,1877,0.2694,2.26,315,13.49,0.1678,30,Instagram,Image,18-24,Female,North America,34965,4420.0,7.91,2024-06-21,6967,2024-06,2024Q2,2.35,14.03,7.91,170.0,0.04
464,C3885,3670,561,0.4456,6.54,10,367.0,0.0178,23,YouTube,Video,35-44,Female,Africa,1540,3486.5,0.44,2024-07-19,1258,2024-07,2024Q3,6.21,348.65,0.44,-183.5,-0.05
465,C7293,4450,1899,0.2029,2.34,307,14.5,0.1617,24,Google,Text,18-24,Other,Europe,52497,4361.0,12.04,2024-06-04,9359,2024-06,2024Q2,2.3,14.21,12.04,-89.0,-0.02
466,C1214,7260,1485,0.4104,4.89,1405,5.17,0.9461,27,Instagram,Carousel,18-24,Female,North America,126450,7477.8,16.91,2024-05-05,3618,2024-05,2024Q2,5.04,5.32,16.91,217.8,0.03
467,C3571,2570,1889,0.1984,1.36,340,7.56,0.18,27,Instagram,Video,45-54,Female,Asia,28220,2621.4,10.77,2024-10-13,9521,2024-10,2024Q4,1.39,7.71,10.77,51.4,0.02
468,C9108,8440,401,0.07,21.05,258,32.71,0.6434,12,Google,Text,55+,Female,Asia,33540,8018.0,4.18,2024-10-29,5728,2024-10,2024Q4,20.0,31.08,4.18,-422.0,-0.05
469,C6011,2520,1060,0.2028,2.38,258,9.77,0.2434,23,YouTube,Text,45-54,Other,Asia,36636,2570.4,14.25,2024-05-04,5226,2024-05,2024Q2,2.42,9.96,14.25,50.4,0.02
470,C7131,6820,1429,0.1432,4.77,692,9.86,0.4843,17,Facebook,Carousel,25-34,Female,North America,125944,7161.0,17.59,2024-12-06,9979,2024-12,2024Q4,5.01,10.35,17.59,341.0,0.05
471,C9947,7810,227,0.0237,34.41,173,45.14,0.7621,29,Google,Carousel,55+,Female,Africa,6401,8044.3,0.8,2024-05-27,9578,2024-05,2024Q2,35.44,46.5,0.8,234.3,0.03
472,C5359,7890,319,0.176,24.73,163,48.4,0.511,9,Instagram,Text,55+,Male,North America,25428,7811.1,3.26,2024-03-06,1812,2024-03,2024Q1,24.49,47.92,3.26,-78.9,-0.01
473,C9481,8420,434,0.046,19.4,362,23.26,0.8341,18,Instagram,Video,45-54,Female,North America,11946,8167.4,1.46,2024-12-16,9434,2024-12,2024Q4,18.82,22.56,1.46,-252.6,-0.03
474,C6120,6220,1733,0.2771,3.59,1229,5.06,0.7092,21,LinkedIn,Text,25-34,Female,South America,106923,6282.2,17.02,2024-05-15,6254,2024-05,2024Q2,3.63,5.11,17.02,62.2,0.01
475,C9158,4920,189,0.0266,26.03,154,31.95,0.8148,22,LinkedIn,Image,18-24,Female,North America,29876,5116.8,5.84,2025-01-30,7105,2025-01,2025Q1,27.07,33.23,5.84,196.8,0.04
476,C8696,3850,1207,0.2009,3.19,306,12.58,0.2535,18,Instagram,Video,35-44,Male,South America,22644,3811.5,5.94,2024-08-14,6007,2024-08,2024Q3,3.16,12.46,5.94,-38.5,-0.01
477,C5073,2160,587,0.0884,3.68,438,4.93,0.7462,12,LinkedIn,Carousel,45-54,Female,South America,79716,2116.8,37.66,2024-09-21,6640,2024-09,2024Q3,3.61,4.83,37.66,-43.2,-0.02
478,C6703,4900,1429,0.1764,3.43,289,16.96,0.2022,7,Google,Video,35-44,Female,Africa,40460,5145.0,7.86,2024-11-05,8100,2024-11,2024Q4,3.6,17.8,7.86,245.0,0.05
479,C8955,6740,537,0.0583,12.55,50,134.8,0.0931,16,Google,Text,25-34,Other,Africa,2700,6537.8,0.41,2024-08-10,9210,2024-08,2024Q3,12.17,130.76,0.41,-202.2,-0.03
480,C5956,5180,1491,0.1646,3.47,1467,3.53,0.9839,18,LinkedIn,Video,45-54,Other,North America,281664,5180.0,54.38,2024-02-26,9058,2024-02,2024Q1,3.47,3.53,54.38,0.0,0.0
481,C9257,6730,1510,0.2319,4.46,1293,5.2,0.8563,22,Instagram,Carousel,45-54,Other,North America,98268,6999.2,14.04,2024-09-23,6511,2024-09,2024Q3,4.64,5.41,14.04,269.2,0.04
482,C5172,9460,1056,0.1091,8.96,589,16.06,0.5578,23,Google,Image,35-44,Male,North America,54188,9365.4,5.79,2025-01-02,9679,2025-01,2025Q1,8.87,15.9,5.79,-94.6,-0.01
483,C6616,4790,1592,0.2508,3.01,497,9.64,0.3122,30,Google,Carousel,18-24,Other,Europe,55167,4742.1,11.63,2024-05-06,6347,2024-05,2024Q2,2.98,9.54,11.63,-47.9,-0.01
484,C4901,9520,235,0.0376,40.51,14,680.0,0.0596,8,Facebook,Image,35-44,Male,Africa,2282,9329.6,0.24,2024-03-27,6250,2024-03,2024Q1,39.7,666.4,0.24,-190.4,-0.02
485,C3460,5620,1265,0.1738,4.44,21,267.62,0.0166,14,Google,Video,45-54,Other,Africa,2835,5844.8,0.49,2024-10-29,7278,2024-10,2024Q4,4.62,278.32,0.49,224.8,0.04
486,C1550,3190,1692,0.2007,1.89,1396,2.29,0.8251,21,Google,Image,18-24,Other,North America,83760,3190.0,26.26,2024-07-06,8430,2024-07,2024Q3,1.89,2.29,26.26,0.0,0.0
487,C9385,7920,1375,0.1758,5.76,174,45.52,0.1265,15,Google,Carousel,35-44,Other,North America,19836,8078.4,2.46,2024-03-15,7821,2024-03,2024Q1,5.88,46.43,2.46,158.4,0.02
488,C7499,2930,146,0.0383,20.07,50,58.6,0.3425,10,Instagram,Carousel,45-54,Female,South America,3700,2842.1,1.3,2024-08-12,3812,2024-08,2024Q3,19.47,56.84,1.3,-87.9,-0.03
489,C3295,4380,1644,0.2757,2.66,1252,3.5,0.7616,21,LinkedIn,Carousel,18-24,Male,North America,57592,4248.6,13.56,2024-03-17,5963,2024-03,2024Q1,2.58,3.39,13.56,-131.4,-0.03
490,C3899,7130,958,0.1071,7.44,573,12.44,0.5981,12,LinkedIn,Video,55+,Other,North America,72198,7272.6,9.93,2024-10-16,8944,2024-10,2024Q4,7.59,12.69,9.93,142.6,0.02
491,C2428,2370,260,0.1226,9.12,30,79.0,0.1154,15,LinkedIn,Carousel,35-44,Other,Asia,5460,2322.6,2.35,2024-04-24,2120,2024-04,2024Q2,8.93,77.42,2.35,-47.4,-0.02
492,C3410,2590,1291,0.1318,2.01,392,6.61,0.3036,23,Google,Text,45-54,Other,Europe,23520,2538.2,9.27,2025-01-15,9795,2025-01,2025Q1,1.97,6.48,9.27,-51.8,-0.02
493,C2682,6510,1777,0.3739,3.66,964,6.75,0.5425,19,LinkedIn,Video,35-44,Female,Europe,68444,6835.5,10.01,2024-07-05,4752,2024-07,2024Q3,3.85,7.09,10.01,325.5,0.05
494,C1149,2440,1771,0.2563,1.38,47,51.91,0.0265,13,LinkedIn,Image,45-54,Female,Europe,1645,2464.4,0.67,2024-12-15,6909,2024-12,2024Q4,1.39,52.43,0.67,24.4,0.01
495,C3731,5880,898,0.0908,6.55,266,22.11,0.2962,30,LinkedIn,Carousel,35-44,Other,Asia,33250,5762.4,5.77,2024-12-01,9889,2024-12,2024Q4,6.42,21.66,5.77,-117.6,-0.02
496,C8833,4300,956,0.12,4.5,640,6.72,0.6695,29,YouTube,Video,35-44,Female,North America,99200,4257.0,23.3,2025-01-21,7966,2025-01,2025Q1,4.45,6.65,23.3,-43.0,-0.01
497,C3638,3880,1880,0.9131,2.06,1223,3.17,0.6505,30,LinkedIn,Carousel,25-34,Male,North America,99063,3802.4,26.05,2024-07-27,2058,2024-07,2024Q3,2.02,3.11,26.05,-77.6,-0.02
498,C4338,7190,292,0.0638,24.62,256,28.09,0.8767,28,YouTube,Text,55+,Female,Europe,48896,7549.5,6.48,2024-06-03,4576,2024-06,2024Q2,25.85,29.49,6.48,359.5,0.05
499,C6752,5720,388,0.044,14.74,141,40.57,0.3634,30,YouTube,Video,35-44,Female,Africa,26226,5434.0,4.83,2024-05-29,8818,2024-05,2024Q2,14.01,38.54,4.83,-286.0,-0.05
500,C3932,7400,571,0.2837,12.96,417,17.75,0.7303,24,Google,Carousel,45-54,Male,Asia,57963,7622.0,7.6,2024-03-19,2012,2024-03,2024Q1,13.35,18.28,7.6,222.0,0.03
501,C5539,2820,1893,0.8929,1.49,1374,2.05,0.7258,7,Google,Image,55+,Other,South America,193734,2904.6,66.7,2024-03-19,2120,2024-03,2024Q1,1.53,2.11,66.7,84.6,0.03
502,C3363,7500,1324,0.1383,5.66,740,10.14,0.5589,12,Facebook,Carousel,35-44,Female,North America,59940,7575.0,7.91,2024-06-28,9573,2024-06,2024Q2,5.72,10.24,7.91,75.0,0.01
503,C7188,6160,1464,0.5579,4.21,349,17.65,0.2384,9,Facebook,Video,45-54,Other,North America,21638,6344.8,3.41,2024-11-28,2624,2024-11,2024Q4,4.33,18.18,3.41,184.8,0.03
504,C3702,9060,665,0.094,13.62,561,16.15,0.8436,7,Instagram,Carousel,55+,Male,South America,33099,9422.4,3.51,2024-02-16,7074,2024-02,2024Q1,14.17,16.8,3.51,362.4,0.04
505,C9268,3640,955,0.1729,3.81,544,6.69,0.5696,25,Instagram,Text,35-44,Other,South America,75616,3822.0,19.78,2025-02-07,5523,2025-02,2025Q1,4.0,7.03,19.78,182.0,0.05
506,C2970,5950,684,0.1187,8.7,211,28.2,0.3085,14,Google,Carousel,18-24,Other,North America,11605,6128.5,1.89,2024-05-24,5762,2024-05,2024Q2,8.96,29.05,1.89,178.5,0.03
507,C6942,5780,838,0.2374,6.9,682,8.48,0.8138,27,Instagram,Text,45-54,Female,North America,75702,5491.0,13.79,2024-09-13,3529,2024-09,2024Q3,6.55,8.05,13.79,-289.0,-0.05
508,C6297,8750,1793,0.3259,4.88,1058,8.27,0.5901,8,YouTube,Text,18-24,Other,North America,86756,8750.0,9.91,2024-02-28,5501,2024-02,2024Q1,4.88,8.27,9.91,0.0,0.0
509,C9090,5740,1571,0.697,3.65,1052,5.46,0.6696,16,YouTube,Video,55+,Male,Asia,143072,5912.2,24.2,2024-08-10,2253,2024-08,2024Q3,3.76,5.62,24.2,172.2,0.03
510,C3450,9080,200,0.0258,45.4,77,117.92,0.385,26,Facebook,Carousel,55+,Other,Asia,13552,8898.4,1.52,2024-08-17,7751,2024-08,2024Q3,44.49,115.56,1.52,-181.6,-0.02
511,C9143,4530,577,0.0678,7.85,166,27.29,0.2877,9,LinkedIn,Image,18-24,Other,North America,13446,4530.0,2.97,2025-01-11,8510,2025-01,2025Q1,7.85,27.29,2.97,0.0,0.0
512,C7579,9310,1584,0.4761,5.88,710,13.11,0.4482,24,LinkedIn,Video,18-24,Male,Europe,58220,9030.7,6.45,2025-01-06,3327,2025-01,2025Q1,5.7,12.72,6.45,-279.3,-0.03
513,C2635,9900,1517,0.5366,6.53,719,13.77,0.474,8,Instagram,Video,45-54,Male,Asia,114321,10098.0,11.32,2024-09-06,2827,2024-09,2024Q3,6.66,14.04,11.32,198.0,0.02
514,C9636,3420,1101,0.264,3.11,1076,3.18,0.9773,10,YouTube,Video,45-54,Other,Asia,76396,3420.0,22.34,2024-12-06,4170,2024-12,2024Q4,3.11,3.18,22.34,0.0,0.0
515,C5359,4750,1322,0.2481,3.59,1147,4.14,0.8676,23,Facebook,Video,35-44,Other,South America,153698,4797.5,32.04,2024-11-28,5328,2024-11,2024Q4,3.63,4.18,32.04,47.5,0.01
516,C6827,2520,911,0.2751,2.77,508,4.96,0.5576,11,YouTube,Video,55+,Male,Europe,101092,2494.8,40.52,2024-09-06,3311,2024-09,2024Q3,2.74,4.91,40.52,-25.2,-0.01
517,C7162,7210,225,0.1143,32.04,17,424.12,0.0756,11,YouTube,Image,18-24,Other,South America,1989,7498.4,0.27,2025-01-20,1968,2025-01,2025Q1,33.33,441.08,0.27,288.4,0.04
518,C9487,5850,392,0.0627,14.92,73,80.14,0.1862,8,LinkedIn,Image,25-34,Male,Europe,12410,5557.5,2.23,2024-06-14,6251,2024-06,2024Q2,14.18,76.13,2.23,-292.5,-0.05
519,C1404,4970,1943,0.2683,2.56,186,26.72,0.0957,10,LinkedIn,Image,45-54,Female,Europe,18786,4771.2,3.94,2025-01-18,7241,2025-01,2025Q1,2.46,25.65,3.94,-198.8,-0.04
520,C7167,3610,1314,0.1527,2.75,684,5.28,0.5205,24,Google,Carousel,55+,Male,Africa,82080,3682.2,22.29,2024-05-14,8605,2024-05,2024Q2,2.8,5.38,22.29,72.2,0.02
521,C5765,2070,347,0.0459,5.97,151,13.71,0.4352,9,YouTube,Image,55+,Female,South America,14798,2070.0,7.15,2024-11-29,7559,2024-11,2024Q4,5.97,13.71,7.15,0.0,0.0
522,C8598,5140,1285,0.1314,4.0,664,7.74,0.5167,16,Google,Video,25-34,Other,Europe,21248,4934.4,4.31,2024-06-21,9779,2024-06,2024Q2,3.84,7.43,4.31,-205.6,-0.04
523,C7285,8870,1202,0.293,7.38,691,12.84,0.5749,24,LinkedIn,Carousel,25-34,Male,Europe,102959,8426.5,12.22,2025-01-31,4102,2025-01,2025Q1,7.01,12.19,12.22,-443.5,-0.05
524,C8511,7560,904,0.2306,8.36,887,8.52,0.9812,25,Instagram,Carousel,18-24,Female,Africa,163208,7938.0,20.56,2024-05-09,3920,2024-05,2024Q2,8.78,8.95,20.56,378.0,0.05
525,C6999,9160,1334,0.1715,6.87,19,482.11,0.0142,21,Instagram,Text,55+,Other,Asia,3648,9251.6,0.39,2024-05-06,7778,2024-05,2024Q2,6.94,486.93,0.39,91.6,0.01
526,C7645,6670,777,0.4584,8.58,201,33.18,0.2587,7,Instagram,Image,35-44,Male,Africa,22713,6469.9,3.51,2024-12-12,1695,2024-12,2024Q4,8.33,32.19,3.51,-200.1,-0.03
527,C5782,6690,408,0.1429,16.4,321,20.84,0.7868,15,Facebook,Image,25-34,Female,South America,21186,6489.3,3.26,2025-01-30,2855,2025-01,2025Q1,15.91,20.22,3.26,-200.7,-0.03
528,C7738,3500,1395,0.3259,2.51,177,19.77,0.1269,9,Facebook,Video,55+,Other,Africa,13452,3570.0,3.77,2024-09-03,4280,2024-09,2024Q3,2.56,20.17,3.77,70.0,0.02
529,C9821,9400,1741,0.2261,5.4,514,18.29,0.2952,16,Instagram,Text,55+,Female,Africa,67848,9118.0,7.44,2024-11-19,7700,2024-11,2024Q4,5.24,17.74,7.44,-282.0,-0.03
530,C5108,5240,1736,0.388,3.02,1613,3.25,0.9291,21,Instagram,Carousel,45-54,Male,South America,248402,5135.2,48.37,2024-09-02,4474,2024-09,2024Q3,2.96,3.18,48.37,-104.8,-0.02
531,C4524,8760,390,0.1711,22.46,166,52.77,0.4256,17,Instagram,Image,35-44,Female,Europe,15438,8497.2,1.82,2024-04-23,2279,2024-04,2024Q2,21.79,51.19,1.82,-262.8,-0.03
532,C8689,5740,1683,0.4309,3.41,1002,5.73,0.5954,21,Google,Video,35-44,Male,Africa,91182,5453.0,16.72,2024-04-17,3905,2024-04,2024Q2,3.24,5.44,16.72,-287.0,-0.05
533,C4510,2670,267,0.216,10.0,253,10.55,0.9476,10,Facebook,Video,35-44,Other,South America,20240,2616.6,7.74,2024-11-28,1236,2024-11,2024Q4,9.8,10.34,7.74,-53.4,-0.02
534,C1739,4520,881,0.1416,5.13,78,57.95,0.0885,24,LinkedIn,Video,18-24,Male,North America,4368,4610.4,0.95,2024-12-18,6221,2024-12,2024Q4,5.23,59.11,0.95,90.4,0.02
535,C2962,3550,1448,0.1509,2.45,1268,2.8,0.8757,7,LinkedIn,Carousel,25-34,Female,Asia,45648,3479.0,13.12,2024-06-07,9595,2024-06,2024Q2,2.4,2.74,13.12,-71.0,-0.02
536,C2934,3600,751,0.1244,4.79,304,11.84,0.4048,24,LinkedIn,Image,18-24,Female,Africa,24624,3780.0,6.51,2025-01-04,6036,2025-01,2025Q1,5.03,12.43,6.51,180.0,0.05
537,C7251,2400,624,0.4548,3.85,475,5.05,0.7612,27,LinkedIn,Image,18-24,Female,South America,71250,2328.0,30.61,2024-08-07,1372,2024-08,2024Q3,3.73,4.9,30.61,-72.0,-0.03
538,C2717,8480,1244,0.3967,6.82,935,9.07,0.7516,29,YouTube,Image,45-54,Male,South America,105655,8056.0,13.12,2024-04-15,3135,2024-04,2024Q2,6.48,8.62,13.12,-424.0,-0.05
539,C4204,9140,433,0.0539,21.11,67,136.42,0.1547,29,LinkedIn,Image,25-34,Female,Asia,2680,9597.0,0.28,2024-03-30,8033,2024-03,2024Q1,22.16,143.24,0.28,457.0,0.05
540,C7879,4600,1989,0.2464,2.31,532,8.65,0.2675,13,LinkedIn,Image,25-34,Male,Europe,98420,4784.0,20.57,2024-03-17,8072,2024-03,2024Q1,2.41,8.99,20.57,184.0,0.04
541,C8192,4190,1293,0.4052,3.24,1076,3.89,0.8322,21,Instagram,Video,55+,Male,South America,157096,4022.4,39.06,2024-05-27,3191,2024-05,2024Q2,3.11,3.74,39.06,-167.6,-0.04
542,C8384,6630,931,0.1991,7.12,476,13.93,0.5113,13,Facebook,Image,55+,Male,Europe,19040,6563.7,2.9,2025-01-24,4676,2025-01,2025Q1,7.05,13.79,2.9,-66.3,-0.01
543,C8473,7090,631,0.2207,11.24,460,15.41,0.729,11,Instagram,Image,45-54,Male,Asia,45540,7373.6,6.18,2024-07-09,2859,2024-07,2024Q3,11.69,16.03,6.18,283.6,0.04
544,C5468,9700,1123,0.2337,8.64,912,10.64,0.8121,7,LinkedIn,Carousel,45-54,Other,South America,76608,9312.0,8.23,2024-12-13,4805,2024-12,2024Q4,8.29,10.21,8.23,-388.0,-0.04
545,C6459,6840,918,0.1259,7.45,676,10.12,0.7364,12,Instagram,Carousel,18-24,Female,South America,122356,7045.2,17.37,2024-04-25,7291,2024-04,2024Q2,7.67,10.42,17.37,205.2,0.03
546,C1795,6900,1883,0.2058,3.66,197,35.03,0.1046,29,Instagram,Video,25-34,Other,North America,16154,7245.0,2.23,2024-06-03,9149,2024-06,2024Q2,3.85,36.78,2.23,345.0,0.05
547,C6858,9960,1747,0.1972,5.7,540,18.44,0.3091,8,YouTube,Image,45-54,Other,Europe,80460,10258.8,7.84,2025-01-04,8859,2025-01,2025Q1,5.87,19.0,7.84,298.8,0.03
548,C5457,4390,137,0.0168,32.04,37,118.65,0.2701,11,Facebook,Text,25-34,Other,North America,7030,4390.0,1.6,2024-03-16,8154,2024-03,2024Q1,32.04,118.65,1.6,0.0,0.0
549,C6715,3450,1325,1.1116,2.6,375,9.2,0.283,11,YouTube,Text,45-54,Other,North America,60750,3346.5,18.15,2024-06-02,1191,2024-06,2024Q2,2.53,8.92,18.15,-103.5,-0.03
550,C8175,3520,1644,0.6244,2.14,1237,2.85,0.7524,18,Instagram,Image,25-34,Other,Asia,141018,3555.2,39.67,2024-05-09,2632,2024-05,2024Q2,2.16,2.87,39.67,35.2,0.01
551,C8313,4470,1273,0.1615,3.51,1109,4.03,0.8712,25,LinkedIn,Video,55+,Female,North America,136407,4380.6,31.14,2024-05-19,7882,2024-05,2024Q2,3.44,3.95,31.14,-89.4,-0.02
552,C6429,5320,1433,0.2535,3.71,182,29.23,0.127,8,Facebook,Video,25-34,Female,North America,20748,5586.0,3.71,2024-08-21,5652,2024-08,2024Q3,3.9,30.69,3.71,266.0,0.05
553,C6366,2200,1975,1.7026,1.11,792,2.78,0.401,14,Instagram,Image,55+,Male,Africa,83160,2156.0,38.57,2024-04-01,1159,2024-04,2024Q2,1.09,2.72,38.57,-44.0,-0.02
554,C2108,3890,1423,0.1823,2.73,855,4.55,0.6008,14,Google,Video,35-44,Male,North America,119700,3890.0,30.77,2024-10-22,7805,2024-10,2024Q4,2.73,4.55,30.77,0.0,0.0
555,C2439,5210,524,0.0611,9.94,263,19.81,0.5019,23,Instagram,Carousel,18-24,Male,Europe,38135,5470.5,6.97,2024-03-18,8576,2024-03,2024Q1,10.44,20.8,6.97,260.5,0.05
556,C9899,6040,312,0.2342,19.36,294,20.54,0.9423,7,Instagram,Video,18-24,Male,Africa,52038,6160.8,8.45,2024-12-21,1332,2024-12,2024Q4,19.75,20.96,8.45,120.8,0.02
557,C8258,5410,1857,0.2067,2.91,1070,5.06,0.5762,19,Facebook,Video,45-54,Female,Asia,191530,5193.6,36.88,2024-05-22,8984,2024-05,2024Q2,2.8,4.85,36.88,-216.4,-0.04
558,C4606,2630,503,0.1065,5.23,334,7.87,0.664,10,Facebook,Carousel,45-54,Other,Asia,28390,2524.8,11.24,2025-02-02,4723,2025-02,2025Q1,5.02,7.56,11.24,-105.2,-0.04
559,C9813,2160,702,0.1137,3.08,431,5.01,0.614,12,LinkedIn,Carousel,18-24,Male,South America,39221,2160.0,18.16,2024-06-22,6174,2024-06,2024Q2,3.08,5.01,18.16,0.0,0.0
560,C2298,5730,497,0.0692,11.53,321,17.85,0.6459,8,LinkedIn,Image,45-54,Other,Asia,41730,5730.0,7.28,2024-07-30,7182,2024-07,2024Q3,11.53,17.85,7.28,0.0,0.0
561,C8676,7590,1556,0.2244,4.88,458,16.57,0.2943,7,LinkedIn,Image,25-34,Female,South America,70532,7286.4,9.68,2024-03-19,6934,2024-03,2024Q1,4.68,15.91,9.68,-303.6,-0.04
562,C2738,9300,825,0.0837,11.27,714,13.03,0.8655,26,LinkedIn,Image,25-34,Male,North America,99960,9207.0,10.86,2024-09-27,9856,2024-09,2024Q3,11.16,12.89,10.86,-93.0,-0.01
563,C3114,8180,1156,0.1889,7.08,228,35.88,0.1972,28,LinkedIn,Carousel,25-34,Other,North America,43548,7934.6,5.49,2024-04-19,6119,2024-04,2024Q2,6.86,34.8,5.49,-245.4,-0.03
564,C5327,8320,1417,0.5329,5.87,308,27.01,0.2174,17,Instagram,Text,25-34,Female,Europe,38192,8569.6,4.46,2025-02-07,2659,2025-02,2025Q1,6.05,27.82,4.46,249.6,0.03
565,C8026,8830,1535,0.2441,5.75,441,20.02,0.2873,7,YouTube,Video,45-54,Male,Africa,62622,8918.3,7.02,2024-07-25,6288,2024-07,2024Q3,5.81,20.22,7.02,88.3,0.01
566,C4487,4340,860,0.1003,5.05,19,228.42,0.0221,21,LinkedIn,Text,45-54,Male,Europe,2489,4513.6,0.55,2024-04-03,8574,2024-04,2024Q2,5.25,237.56,0.55,173.6,0.04
567,C9199,6830,1513,1.3655,4.51,76,89.87,0.0502,25,YouTube,Carousel,25-34,Male,Asia,13452,6898.3,1.95,2024-09-24,1108,2024-09,2024Q3,4.56,90.77,1.95,68.3,0.01
568,C8090,3080,1413,0.1445,2.18,110,28.0,0.0778,9,LinkedIn,Carousel,45-54,Other,Asia,20570,3018.4,6.81,2025-01-22,9778,2025-01,2025Q1,2.14,27.44,6.81,-61.6,-0.02
569,C1630,2450,295,0.0414,8.31,243,10.08,0.8237,18,Instagram,Carousel,55+,Female,Africa,39123,2523.5,15.5,2025-02-04,7125,2025-02,2025Q1,8.55,10.38,15.5,73.5,0.03
570,C1925,4570,853,0.0959,5.36,571,8.0,0.6694,15,Google,Carousel,25-34,Male,North America,56529,4615.7,12.25,2024-12-24,8894,2024-12,2024Q4,5.41,8.08,12.25,45.7,0.01
571,C5875,9680,630,0.0806,15.37,17,569.41,0.027,23,LinkedIn,Text,18-24,Male,Asia,663,9486.4,0.07,2024-03-06,7816,2024-03,2024Q1,15.06,558.02,0.07,-193.6,-0.02
572,C6988,8390,515,0.1152,16.29,143,58.67,0.2777,29,Google,Carousel,35-44,Female,North America,27885,8390.0,3.32,2024-06-19,4470,2024-06,2024Q2,16.29,58.67,3.32,0.0,0.0
573,C2258,6770,82,0.0086,82.56,75,90.27,0.9146,24,Facebook,Text,18-24,Male,Africa,11625,6431.5,1.81,2024-02-10,9534,2024-02,2024Q1,78.43,85.75,1.81,-338.5,-0.05
574,C5241,3020,1293,0.2654,2.34,831,3.63,0.6427,13,YouTube,Text,45-54,Male,North America,124650,3050.2,40.87,2024-02-26,4871,2024-02,2024Q1,2.36,3.67,40.87,30.2,0.01
575,C9165,6960,1255,0.1389,5.55,1125,6.19,0.8964,9,YouTube,Video,35-44,Female,North America,43875,6960.0,6.3,2024-10-24,9035,2024-10,2024Q4,5.55,6.19,6.3,0.0,0.0
576,C8049,7810,365,0.0519,21.4,158,49.43,0.4329,10,Google,Text,25-34,Other,Asia,22120,8200.5,2.7,2024-04-09,7032,2024-04,2024Q2,22.47,51.9,2.7,390.5,0.05
577,C4035,4180,239,0.0358,17.49,153,27.32,0.6402,7,YouTube,Text,25-34,Female,Africa,20655,4012.8,5.15,2024-03-29,6675,2024-03,2024Q1,16.79,26.23,5.15,-167.2,-0.04
578,C9173,8160,1388,0.4085,5.88,139,58.71,0.1001,29,LinkedIn,Carousel,18-24,Male,South America,14317,7752.0,1.85,2024-04-22,3397,2024-04,2024Q2,5.59,55.77,1.85,-408.0,-0.05
579,C7687,9080,415,0.1203,21.88,151,60.13,0.3639,30,Google,Image,45-54,Female,Europe,6946,8626.0,0.81,2024-06-11,3449,2024-06,2024Q2,20.79,57.13,0.81,-454.0,-0.05
580,C3628,8170,1302,0.6045,6.27,1192,6.85,0.9155,22,YouTube,Carousel,55+,Female,South America,127544,7924.9,16.09,2024-06-09,2153,2024-06,2024Q2,6.09,6.65,16.09,-245.1,-0.03
581,C9623,6050,378,0.038,16.01,18,336.11,0.0476,23,Facebook,Video,35-44,Female,Europe,2880,5868.5,0.49,2024-05-05,9947,2024-05,2024Q2,15.53,326.03,0.49,-181.5,-0.03
582,C8240,9460,1828,0.4627,5.18,1041,9.09,0.5695,14,Facebook,Text,25-34,Male,Africa,125961,9460.0,13.32,2024-10-13,3950,2024-10,2024Q4,5.18,9.09,13.32,0.0,0.0
583,C5836,3560,703,0.0807,5.06,567,6.28,0.8065,30,Google,Video,35-44,Male,Africa,96390,3382.0,28.5,2024-03-02,8711,2024-03,2024Q1,4.81,5.96,28.5,-178.0,-0.05
584,C9381,6180,308,0.0934,20.06,277,22.31,0.8994,16,Facebook,Video,25-34,Female,Africa,30193,5994.6,5.04,2024-12-03,3297,2024-12,2024Q4,19.46,21.64,5.04,-185.4,-0.03
585,C1049,7690,1775,0.3241,4.33,179,42.96,0.1008,23,LinkedIn,Image,45-54,Female,Africa,19690,7305.5,2.7,2024-12-07,5476,2024-12,2024Q4,4.12,40.81,2.7,-384.5,-0.05
586,C7472,4350,912,0.1377,4.77,735,5.92,0.8059,11,LinkedIn,Video,25-34,Male,Europe,127155,4350.0,29.23,2024-05-28,6623,2024-05,2024Q2,4.77,5.92,29.23,0.0,0.0
587,C8290,7590,716,0.093,10.6,475,15.98,0.6634,28,Google,Carousel,25-34,Female,Africa,66025,7514.1,8.79,2024-02-25,7698,2024-02,2024Q1,10.49,15.82,8.79,-75.9,-0.01
588,C2226,2880,1161,0.3454,2.48,873,3.3,0.7519,9,Instagram,Image,45-54,Female,North America,96903,2822.4,34.33,2025-01-05,3361,2025-01,2025Q1,2.43,3.23,34.33,-57.6,-0.02
589,C3689,4360,922,0.0969,4.73,575,7.58,0.6236,19,Google,Text,25-34,Other,Africa,108100,4185.6,25.83,2024-06-27,9514,2024-06,2024Q2,4.54,7.28,25.83,-174.4,-0.04
590,C2771,5640,1753,0.1945,3.22,122,46.23,0.0696,16,YouTube,Carousel,25-34,Male,North America,8052,5922.0,1.36,2024-02-14,9012,2024-02,2024Q1,3.38,48.54,1.36,282.0,0.05
591,C7194,2370,1021,0.1268,2.32,80,29.62,0.0784,21,Facebook,Video,35-44,Other,South America,14800,2346.3,6.31,2024-11-04,8052,2024-11,2024Q4,2.3,29.33,6.31,-23.7,-0.01
592,C1200,3100,1362,0.9834,2.28,390,7.95,0.2863,29,Google,Text,45-54,Female,South America,61230,3038.0,20.15,2024-04-13,1384,2024-04,2024Q2,2.23,7.79,20.15,-62.0,-0.02
593,C6836,9990,1825,0.192,5.47,22,454.09,0.0121,13,YouTube,Text,18-24,Other,Asia,1210,9590.4,0.13,2024-05-11,9505,2024-05,2024Q2,5.26,435.93,0.13,-399.6,-0.04
594,C6926,3170,1646,0.309,1.93,1482,2.14,0.9004,10,Google,Video,25-34,Female,Asia,195624,3138.3,62.33,2024-08-10,5326,2024-08,2024Q3,1.91,2.12,62.33,-31.7,-0.01
595,C9240,5780,153,0.1171,37.78,26,222.31,0.1699,28,Instagram,Image,45-54,Other,Asia,4784,5722.2,0.84,2024-10-29,1306,2024-10,2024Q4,37.4,220.08,0.84,-57.8,-0.01
596,C7751,9850,908,0.2651,10.85,128,76.95,0.141,12,YouTube,Text,25-34,Female,North America,22400,9653.0,2.32,2025-01-04,3425,2025-01,2025Q1,10.63,75.41,2.32,-197.0,-0.02
597,C3358,4400,1469,1.3665,3.0,472,9.32,0.3213,9,YouTube,Video,25-34,Male,South America,71744,4444.0,16.14,2024-12-23,1075,2024-12,2024Q4,3.03,9.42,16.14,44.0,0.01
598,C7878,9090,1165,0.1638,7.8,1064,8.54,0.9133,9,Instagram,Image,18-24,Female,Africa,43624,9453.6,4.61,2024-03-12,7112,2024-03,2024Q1,8.11,8.88,4.61,363.6,0.04
599,C5220,5330,645,0.108,8.26,380,14.03,0.5891,10,LinkedIn,Video,25-34,Male,North America,38380,5223.4,7.35,2024-04-05,5972,2024-04,2024Q2,8.1,13.75,7.35,-106.6,-0.02
600,C2657,9230,1547,0.2176,5.97,1081,8.54,0.6988,18,Instagram,Image,18-24,Other,Europe,63779,9691.5,6.58,2024-12-02,7109,2024-12,2024Q4,6.26,8.97,6.58,461.5,0.05
601,C6375,4210,395,0.1511,10.66,276,15.25,0.6987,22,Google,Text,35-44,Other,Europe,40848,4294.2,9.51,2024-08-27,2614,2024-08,2024Q3,10.87,15.56,9.51,84.2,0.02
602,C9433,9540,777,0.1507,12.28,121,78.84,0.1557,13,Instagram,Carousel,55+,Male,Europe,10164,9253.8,1.1,2024-03-01,5155,2024-03,2024Q1,11.91,76.48,1.1,-286.2,-0.03
603,C3313,5060,472,0.0474,10.72,416,12.16,0.8814,21,Instagram,Image,35-44,Female,South America,78624,5211.8,15.09,2024-04-07,9957,2024-04,2024Q2,11.04,12.53,15.09,151.8,0.03
604,C7903,6820,1503,0.6737,4.54,659,10.35,0.4385,13,Facebook,Carousel,18-24,Other,South America,44153,6615.4,6.67,2024-10-30,2230,2024-10,2024Q4,4.4,10.04,6.67,-204.6,-0.03
605,C3456,5850,877,0.0942,6.67,529,11.06,0.6032,17,Google,Video,55+,Other,North America,58719,6142.5,9.56,2024-12-22,9309,2024-12,2024Q4,7.0,11.61,9.56,292.5,0.05
606,C5439,9130,1659,0.1726,5.5,1550,5.89,0.9343,21,Instagram,Text,55+,Other,South America,300700,9221.3,32.61,2024-03-29,9611,2024-03,2024Q1,5.56,5.95,32.61,91.3,0.01
607,C8842,2060,1000,0.11,2.06,602,3.42,0.602,12,Facebook,Video,18-24,Female,Europe,70434,1998.2,35.25,2024-03-02,9090,2024-03,2024Q1,2.0,3.32,35.25,-61.8,-0.03
608,C3479,3520,1001,0.3055,3.52,952,3.7,0.951,8,LinkedIn,Image,18-24,Male,South America,104720,3414.4,30.67,2024-07-06,3276,2024-07,2024Q3,3.41,3.59,30.67,-105.6,-0.03
609,C8774,5710,1009,0.1505,5.66,1002,5.7,0.9931,20,Facebook,Image,55+,Other,Asia,185370,5652.9,32.79,2024-12-27,6704,2024-12,2024Q4,5.6,5.64,32.79,-57.1,-0.01
610,C6699,6510,1944,1.7851,3.35,328,19.85,0.1687,21,Instagram,Video,25-34,Male,Africa,46576,6835.5,6.81,2024-07-29,1089,2024-07,2024Q3,3.52,20.84,6.81,325.5,0.05
611,C4621,7880,527,0.4524,14.95,369,21.36,0.7002,8,Facebook,Text,18-24,Other,North America,60885,7722.4,7.88,2024-02-28,1164,2024-02,2024Q1,14.65,20.93,7.88,-157.6,-0.02
612,C1848,6490,322,0.0731,20.16,133,48.8,0.413,10,YouTube,Video,45-54,Other,Europe,8911,6165.5,1.45,2024-02-23,4404,2024-02,2024Q1,19.15,46.36,1.45,-324.5,-0.05
613,C6429,5850,333,0.0578,17.57,71,82.39,0.2132,28,Instagram,Video,35-44,Other,North America,12496,5674.5,2.2,2024-06-26,5761,2024-06,2024Q2,17.04,79.92,2.2,-175.5,-0.03
614,C6111,7580,1552,0.1737,4.88,594,12.76,0.3827,17,LinkedIn,Text,55+,Male,Asia,65340,7807.4,8.37,2024-02-15,8934,2024-02,2024Q1,5.03,13.14,8.37,227.4,0.03
615,C6456,2670,710,0.4587,3.76,591,4.52,0.8324,16,LinkedIn,Video,18-24,Female,South America,63828,2670.0,23.91,2024-05-25,1547,2024-05,2024Q2,3.76,4.52,23.91,0.0,0.0
616,C6035,6650,1189,0.1306,5.59,373,17.83,0.3137,13,Instagram,Image,55+,Male,Europe,34316,6783.0,5.06,2024-06-06,9104,2024-06,2024Q2,5.7,18.18,5.06,133.0,0.02
617,C3362,5710,1391,0.2069,4.1,1263,4.52,0.908,30,Facebook,Image,45-54,Female,South America,42942,5995.5,7.16,2024-07-03,6723,2024-07,2024Q3,4.31,4.75,7.16,285.5,0.05
618,C3387,6430,1357,0.1367,4.74,647,9.94,0.4768,19,Facebook,Text,55+,Male,South America,108049,6108.5,17.69,2024-11-08,9926,2024-11,2024Q4,4.5,9.44,17.69,-321.5,-0.05
619,C8533,4750,126,0.0173,37.7,15,316.67,0.119,24,YouTube,Image,45-54,Female,Europe,1680,4560.0,0.37,2024-02-15,7283,2024-02,2024Q1,36.19,304.0,0.37,-190.0,-0.04
620,C2939,3520,1231,0.9038,2.86,947,3.72,0.7693,7,Instagram,Carousel,35-44,Male,North America,154361,3484.8,44.3,2024-09-13,1362,2024-09,2024Q3,2.83,3.68,44.3,-35.2,-0.01
621,C1156,9360,229,0.1842,40.87,108,86.67,0.4716,13,LinkedIn,Text,25-34,Other,Africa,8100,8985.6,0.9,2024-09-09,1243,2024-09,2024Q3,39.24,83.2,0.9,-374.4,-0.04
622,C2767,8230,225,0.0698,36.58,220,37.41,0.9778,15,YouTube,Text,18-24,Male,Asia,24200,7983.1,3.03,2024-08-18,3223,2024-08,2024Q3,35.48,36.29,3.03,-246.9,-0.03
623,C5928,7530,981,0.4171,7.68,217,34.7,0.2212,8,YouTube,Carousel,55+,Other,Europe,26474,7605.3,3.48,2024-07-23,2351,2024-07,2024Q3,7.75,35.05,3.48,75.3,0.01
624,C2763,5210,542,0.19,9.61,267,19.51,0.4926,14,Instagram,Carousel,18-24,Male,South America,51264,5157.9,9.94,2024-05-16,2852,2024-05,2024Q2,9.52,19.32,9.94,-52.1,-0.01
625,C3209,9360,248,0.068,37.74,202,46.34,0.8145,13,LinkedIn,Carousel,18-24,Female,North America,31310,9828.0,3.19,2024-06-26,3647,2024-06,2024Q2,39.63,48.65,3.19,468.0,0.05
626,C1656,5380,1184,0.2057,4.54,363,14.82,0.3066,22,LinkedIn,Video,55+,Male,Europe,59169,5272.4,11.22,2024-11-18,5755,2024-11,2024Q4,4.45,14.52,11.22,-107.6,-0.02
627,C3794,7540,141,0.0174,53.48,95,79.37,0.6738,28,YouTube,Image,55+,Male,South America,9405,7163.0,1.31,2024-05-13,8103,2024-05,2024Q2,50.8,75.4,1.31,-377.0,-0.05
628,C4156,9400,1647,0.357,5.71,1015,9.26,0.6163,9,Instagram,Text,18-24,Other,Asia,192850,9024.0,21.37,2024-04-08,4613,2024-04,2024Q2,5.48,8.89,21.37,-376.0,-0.04
629,C3846,5000,1784,1.6783,2.8,1185,4.22,0.6642,11,Facebook,Carousel,18-24,Female,Africa,104280,5100.0,20.45,2024-03-02,1062,2024-03,2024Q1,2.86,4.3,20.45,100.0,0.02
630,C7114,5650,1156,0.223,4.89,885,6.38,0.7656,13,Facebook,Video,55+,Male,Europe,152220,5876.0,25.91,2024-12-15,5183,2024-12,2024Q4,5.08,6.64,25.91,226.0,0.04
631,C6882,2430,1922,0.3174,1.26,194,12.53,0.1009,18,YouTube,Image,18-24,Female,South America,29682,2430.0,12.21,2024-07-17,6055,2024-07,2024Q3,1.26,12.53,12.21,0.0,0.0
632,C9366,3320,99,0.0183,33.54,44,75.45,0.4444,29,Instagram,Carousel,25-34,Other,Africa,2596,3452.8,0.75,2024-02-18,5409,2024-02,2024Q1,34.88,78.47,0.75,132.8,0.04
633,C4637,3410,657,0.171,5.19,82,41.59,0.1248,28,Instagram,Carousel,18-24,Male,Europe,4182,3546.4,1.18,2025-01-18,3842,2025-01,2025Q1,5.4,43.25,1.18,136.4,0.04
634,C6727,8800,1727,0.2575,5.1,734,11.99,0.425,10,Instagram,Text,18-24,Female,Europe,67528,8448.0,7.99,2024-07-30,6706,2024-07,2024Q3,4.89,11.51,7.99,-352.0,-0.04
635,C9915,4500,995,0.1024,4.52,417,10.79,0.4191,15,LinkedIn,Text,25-34,Female,Europe,79647,4275.0,18.63,2024-10-27,9716,2024-10,2024Q4,4.3,10.25,18.63,-225.0,-0.05
636,C7861,5000,1971,0.4888,2.54,1512,3.31,0.7671,15,Facebook,Carousel,55+,Male,Europe,198072,4800.0,41.27,2025-01-26,4032,2025-01,2025Q1,2.44,3.17,41.26,-200.0,-0.04
637,C9652,4250,1982,0.3358,2.14,98,43.37,0.0494,28,Google,Video,45-54,Other,Asia,18816,4335.0,4.34,2024-04-29,5902,2024-04,2024Q2,2.19,44.23,4.34,85.0,0.02
638,C4568,8740,1679,0.1941,5.21,460,19.0,0.274,18,Facebook,Video,45-54,Female,Africa,87400,9177.0,9.52,2024-09-23,8650,2024-09,2024Q3,5.47,19.95,9.52,437.0,0.05
639,C7036,3970,1653,0.32,2.4,418,9.5,0.2529,25,Google,Image,45-54,Male,North America,22154,3930.3,5.64,2024-11-09,5165,2024-11,2024Q4,2.38,9.4,5.64,-39.7,-0.01
640,C2847,4590,1470,0.2036,3.12,961,4.78,0.6537,14,Instagram,Video,25-34,Other,Africa,77841,4681.8,16.63,2025-01-05,7220,2025-01,2025Q1,3.18,4.87,16.63,91.8,0.02
641,C3633,3170,276,0.035,11.49,174,18.22,0.6304,11,Instagram,Carousel,55+,Male,Europe,6438,3106.6,2.07,2024-06-19,7885,2024-06,2024Q2,11.26,17.85,2.07,-63.4,-0.02
642,C6532,8490,1462,0.2141,5.81,77,110.26,0.0527,9,Instagram,Carousel,55+,Other,Africa,2387,8150.4,0.29,2024-10-10,6828,2024-10,2024Q4,5.57,105.85,0.29,-339.6,-0.04
643,C7171,6750,123,0.0698,54.88,20,337.5,0.1626,16,LinkedIn,Carousel,18-24,Other,Asia,3720,6615.0,0.56,2024-10-23,1762,2024-10,2024Q4,53.78,330.75,0.56,-135.0,-0.02
644,C8680,8630,1032,0.1566,8.36,875,9.86,0.8479,30,Google,Image,18-24,Male,Europe,152250,8198.5,18.57,2024-11-26,6590,2024-11,2024Q4,7.94,9.37,18.57,-431.5,-0.05
645,C4282,3000,190,0.0288,15.79,167,17.96,0.8789,13,Instagram,Image,18-24,Female,South America,14696,3120.0,4.71,2024-09-26,6597,2024-09,2024Q3,16.42,18.68,4.71,120.0,0.04
646,C1443,3010,1109,0.7272,2.71,1013,2.97,0.9134,25,Google,Carousel,25-34,Female,Africa,86105,2889.6,29.8,2024-02-17,1525,2024-02,2024Q1,2.61,2.85,29.8,-120.4,-0.04
647,C6593,6850,236,0.0275,29.03,48,142.71,0.2034,11,Google,Text,25-34,Female,North America,7488,6918.5,1.08,2024-12-08,8581,2024-12,2024Q4,29.32,144.14,1.08,68.5,0.01
648,C7547,2620,812,0.0891,3.23,430,6.09,0.5296,29,Instagram,Text,55+,Other,Africa,26230,2489.0,10.54,2024-10-16,9113,2024-10,2024Q4,3.07,5.79,10.54,-131.0,-0.05
649,C6634,4280,623,0.0876,6.87,331,12.93,0.5313,11,YouTube,Text,18-24,Female,Europe,42699,4365.6,9.78,2024-04-02,7111,2024-04,2024Q2,7.01,13.19,9.78,85.6,0.02
650,C4626,5960,109,0.0142,54.68,20,298.0,0.1835,28,LinkedIn,Image,18-24,Other,South America,1260,6019.6,0.21,2024-04-19,7676,2024-04,2024Q2,55.23,300.98,0.21,59.6,0.01
651,C7132,6540,312,0.0501,20.96,276,23.7,0.8846,20,LinkedIn,Video,45-54,Female,South America,26772,6670.8,4.01,2024-04-11,6227,2024-04,2024Q2,21.38,24.17,4.01,130.8,0.02
652,C5390,9800,1029,0.4919,9.52,615,15.93,0.5977,14,Google,Text,25-34,Female,Asia,92865,9408.0,9.87,2024-04-23,2091,2024-04,2024Q2,9.14,15.3,9.87,-392.0,-0.04
653,C6840,6510,1156,0.1698,5.63,1089,5.98,0.942,28,Google,Carousel,18-24,Other,North America,217800,6835.5,31.86,2024-03-08,6808,2024-03,2024Q1,5.91,6.28,31.86,325.5,0.05
654,C1614,2990,1273,0.2963,2.35,160,18.69,0.1257,9,YouTube,Text,35-44,Other,Asia,26240,2840.5,9.24,2024-02-20,4296,2024-02,2024Q1,2.23,17.75,9.24,-149.5,-0.05
655,C6054,3060,1192,0.9675,2.57,511,5.99,0.4287,18,Google,Text,45-54,Male,Asia,89425,3090.6,28.93,2024-08-13,1232,2024-08,2024Q3,2.59,6.05,28.93,30.6,0.01
656,C8542,4820,1035,0.274,4.66,498,9.68,0.4812,22,Facebook,Image,25-34,Male,Asia,84660,4723.6,17.92,2024-07-02,3777,2024-07,2024Q3,4.56,9.49,17.92,-96.4,-0.02
657,C2802,4470,1616,0.7841,2.77,189,23.65,0.117,15,Google,Text,45-54,Female,Africa,11529,4514.7,2.55,2024-05-07,2060,2024-05,2024Q2,2.79,23.89,2.55,44.7,0.01
658,C3686,3420,355,0.0502,9.63,32,106.88,0.0901,11,Instagram,Video,25-34,Male,South America,1440,3454.2,0.42,2025-01-29,7071,2025-01,2025Q1,9.73,107.94,0.42,34.2,0.01
659,C9031,5250,1387,0.1713,3.79,306,17.16,0.2206,24,YouTube,Image,45-54,Other,Africa,11934,5302.5,2.25,2024-03-29,8096,2024-03,2024Q1,3.82,17.33,2.25,52.5,0.01
660,C9127,9270,790,0.1247,11.73,652,14.22,0.8253,20,Facebook,Video,35-44,Other,Europe,74980,8991.9,8.34,2024-09-12,6335,2024-09,2024Q3,11.38,13.79,8.34,-278.1,-0.03
661,C3769,6210,512,0.0991,12.13,199,31.21,0.3887,22,LinkedIn,Text,45-54,Male,South America,38208,6334.2,6.03,2024-08-25,5166,2024-08,2024Q3,12.37,31.83,6.03,124.2,0.02
662,C3775,8720,715,0.1595,12.2,423,20.61,0.5916,19,Facebook,Image,25-34,Other,Africa,57951,8807.2,6.58,2024-05-07,4482,2024-05,2024Q2,12.32,20.82,6.58,87.2,0.01
663,C8123,6420,1875,0.2032,3.42,1238,5.19,0.6603,19,LinkedIn,Carousel,18-24,Female,North America,246362,6484.2,37.99,2024-06-30,9227,2024-06,2024Q2,3.46,5.24,37.99,64.2,0.01
664,C6281,2300,875,0.2291,2.63,251,9.16,0.2869,24,Instagram,Text,55+,Male,Asia,15562,2323.0,6.7,2024-12-29,3819,2024-12,2024Q4,2.65,9.25,6.7,23.0,0.01
665,C4443,3150,1393,0.3078,2.26,570,5.53,0.4092,11,LinkedIn,Image,35-44,Male,Asia,19950,3276.0,6.09,2024-04-28,4525,2024-04,2024Q2,2.35,5.75,6.09,126.0,0.04
666,C8018,5930,64,0.0064,92.66,37,160.27,0.5781,10,Instagram,Image,45-54,Male,Africa,4884,5692.8,0.86,2024-12-19,10000,2024-12,2024Q4,88.95,153.86,0.86,-237.2,-0.04
667,C9486,4770,1219,0.2655,3.91,590,8.08,0.484,19,LinkedIn,Image,25-34,Female,Asia,90860,4817.7,18.86,2024-04-22,4591,2024-04,2024Q2,3.95,8.17,18.86,47.7,0.01
668,C9053,4670,249,0.1424,18.76,118,39.58,0.4739,17,LinkedIn,Text,35-44,Other,Europe,22656,4529.9,5.0,2024-11-13,1748,2024-11,2024Q4,18.19,38.39,5.0,-140.1,-0.03
669,C2451,3430,50,0.0209,68.6,16,214.38,0.32,15,Facebook,Carousel,45-54,Other,Europe,656,3498.6,0.19,2024-02-15,2392,2024-02,2024Q1,69.97,218.66,0.19,68.6,0.02
670,C4562,6820,1638,0.4583,4.16,1330,5.13,0.812,7,Google,Carousel,18-24,Other,Africa,93100,7092.8,13.13,2024-05-11,3574,2024-05,2024Q2,4.33,5.33,13.13,272.8,0.04
671,C2122,9850,1252,0.1961,7.87,400,24.62,0.3195,27,Facebook,Image,45-54,Female,North America,38400,9751.5,3.94,2024-07-22,6384,2024-07,2024Q3,7.79,24.38,3.94,-98.5,-0.01
672,C2836,8530,1994,0.241,4.28,1043,8.18,0.5231,22,Instagram,Carousel,45-54,Male,South America,38591,8103.5,4.76,2024-11-13,8273,2024-11,2024Q4,4.06,7.77,4.76,-426.5,-0.05
673,C9075,5560,919,0.7936,6.05,34,163.53,0.037,21,LinkedIn,Text,35-44,Male,South America,5576,5337.6,1.04,2024-06-08,1158,2024-06,2024Q2,5.81,156.99,1.04,-222.4,-0.04
674,C2555,5330,718,0.1254,7.42,497,10.72,0.6922,18,Google,Text,25-34,Male,South America,43239,5543.2,7.8,2025-01-05,5725,2025-01,2025Q1,7.72,11.15,7.8,213.2,0.04
675,C5539,5060,971,0.2113,5.21,403,12.56,0.415,25,Instagram,Image,35-44,Other,Africa,51987,5110.6,10.17,2025-01-30,4595,2025-01,2025Q1,5.26,12.68,10.17,50.6,0.01
676,C6575,4880,432,0.0523,11.3,428,11.4,0.9907,18,LinkedIn,Carousel,25-34,Other,South America,14552,4782.4,3.04,2024-05-14,8260,2024-05,2024Q2,11.07,11.17,3.04,-97.6,-0.02
677,C4525,3150,1236,0.2179,2.55,333,9.46,0.2694,20,YouTube,Carousel,45-54,Male,South America,42624,3276.0,13.01,2024-02-22,5672,2024-02,2024Q1,2.65,9.84,13.01,126.0,0.04
678,C9155,2980,1595,0.4894,1.87,778,3.83,0.4878,15,Instagram,Image,18-24,Male,Asia,49014,3009.8,16.28,2024-02-16,3259,2024-02,2024Q1,1.89,3.87,16.28,29.8,0.01
679,C5279,3800,1578,0.19,2.41,1208,3.15,0.7655,22,LinkedIn,Video,35-44,Male,Africa,192072,3648.0,52.65,2024-05-22,8305,2024-05,2024Q2,2.31,3.02,52.65,-152.0,-0.04
680,C7947,4850,1755,0.1994,2.76,65,74.62,0.037,22,Instagram,Video,55+,Male,North America,7215,4898.5,1.47,2024-04-21,8801,2024-04,2024Q2,2.79,75.36,1.47,48.5,0.01
681,C7706,4500,195,0.0276,23.08,109,41.28,0.559,21,Google,Text,35-44,Female,Asia,21473,4275.0,5.02,2024-10-16,7065,2024-10,2024Q4,21.92,39.22,5.02,-225.0,-0.05
682,C4321,8660,976,0.1211,8.87,332,26.08,0.3402,23,Facebook,Image,25-34,Other,Europe,27556,8400.2,3.28,2024-04-16,8059,2024-04,2024Q2,8.61,25.3,3.28,-259.8,-0.03
683,C7396,3180,1526,0.2265,2.08,1011,3.15,0.6625,16,YouTube,Video,55+,Female,Europe,89979,3084.6,29.17,2024-09-20,6737,2024-09,2024Q3,2.02,3.05,29.17,-95.4,-0.03
684,C2842,4540,984,0.1494,4.61,936,4.85,0.9512,22,YouTube,Carousel,45-54,Other,Asia,46800,4494.6,10.41,2024-08-09,6586,2024-08,2024Q3,4.57,4.8,10.41,-45.4,-0.01
685,C9396,4820,204,0.0343,23.63,176,27.39,0.8627,16,Google,Image,25-34,Female,North America,7744,4820.0,1.61,2024-10-29,5947,2024-10,2024Q4,23.63,27.39,1.61,0.0,0.0
686,C5946,8420,1985,0.833,4.24,1086,7.75,0.5471,15,LinkedIn,Image,18-24,Female,North America,99912,8841.0,11.3,2024-07-04,2382,2024-07,2024Q3,4.45,8.14,11.3,421.0,0.05
687,C6327,4040,1943,0.6782,2.08,981,4.12,0.5049,7,YouTube,Image,18-24,Female,South America,155979,4080.4,38.23,2024-09-28,2864,2024-09,2024Q3,2.1,4.16,38.23,40.4,0.01
688,C8089,6490,468,0.0745,13.87,415,15.64,0.8868,7,Instagram,Text,35-44,Male,North America,73455,6425.1,11.43,2024-11-11,6281,2024-11,2024Q4,13.73,15.48,11.43,-64.9,-0.01
689,C9690,7160,938,0.1042,7.63,530,13.51,0.565,21,Facebook,Carousel,55+,Female,Asia,56710,7231.6,7.84,2025-01-01,9001,2025-01,2025Q1,7.71,13.64,7.84,71.6,0.01
690,C2312,5200,1650,0.1831,3.15,1073,4.85,0.6503,10,Instagram,Image,18-24,Other,Africa,109446,5096.0,21.48,2024-12-08,9011,2024-12,2024Q4,3.09,4.75,21.48,-104.0,-0.02
691,C5263,4540,188,0.0491,24.15,161,28.2,0.8564,14,Facebook,Text,35-44,Female,Asia,20447,4403.8,4.64,2024-07-03,3828,2024-07,2024Q3,23.42,27.35,4.64,-136.2,-0.03
692,C9749,6900,410,0.0827,16.83,107,64.49,0.261,19,YouTube,Carousel,25-34,Male,South America,19260,7038.0,2.74,2024-09-21,4957,2024-09,2024Q3,17.17,65.78,2.74,138.0,0.02
693,C9990,4590,521,0.3127,8.81,397,11.56,0.762,30,Facebook,Image,25-34,Female,South America,69872,4360.5,16.02,2024-06-12,1666,2024-06,2024Q2,8.37,10.98,16.02,-229.5,-0.05
694,C7488,8620,1266,0.1609,6.81,943,9.14,0.7449,20,Google,Image,18-24,Other,North America,128248,8706.2,14.73,2024-11-24,7868,2024-11,2024Q4,6.88,9.23,14.73,86.2,0.01
695,C5896,7530,110,0.0386,68.45,108,69.72,0.9818,15,Instagram,Image,18-24,Other,Asia,15336,7605.3,2.02,2024-05-14,2849,2024-05,2024Q2,69.14,70.42,2.02,75.3,0.01
696,C1179,5180,642,0.0722,8.07,570,9.09,0.8879,9,Google,Text,18-24,Female,Asia,84360,5231.8,16.12,2024-11-19,8891,2024-11,2024Q4,8.15,9.18,16.12,51.8,0.01
697,C5246,6200,1712,0.1859,3.62,1367,4.54,0.7985,24,Facebook,Text,25-34,Female,Asia,170875,5952.0,28.71,2025-01-22,9209,2025-01,2025Q1,3.48,4.35,28.71,-248.0,-0.04
698,C8003,7140,1225,0.2091,5.83,168,42.5,0.1371,24,LinkedIn,Image,18-24,Female,North America,15792,6997.2,2.26,2024-06-19,5858,2024-06,2024Q2,5.71,41.65,2.26,-142.8,-0.02
699,C2739,5200,84,0.018,61.9,30,173.33,0.3571,14,Instagram,Text,45-54,Female,Africa,5220,5252.0,0.99,2024-02-24,4666,2024-02,2024Q1,62.52,175.07,0.99,52.0,0.01
700,C7985,9480,77,0.0238,123.12,67,141.49,0.8701,28,LinkedIn,Image,25-34,Male,North America,10988,9669.6,1.14,2024-03-07,3235,2024-03,2024Q1,125.58,144.32,1.14,189.6,0.02
701,C5803,4790,1117,0.3214,4.29,673,7.12,0.6025,20,YouTube,Video,25-34,Other,Asia,29612,4694.2,6.31,2024-08-21,3475,2024-08,2024Q3,4.2,6.98,6.31,-95.8,-0.02
702,C4848,7960,997,0.171,7.98,168,47.38,0.1685,27,LinkedIn,Image,18-24,Female,Europe,30912,7562.0,4.09,2024-12-03,5830,2024-12,2024Q4,7.58,45.01,4.09,-398.0,-0.05
703,C7073,6030,1409,0.1547,4.28,921,6.55,0.6537,20,LinkedIn,Carousel,55+,Other,Europe,184200,6030.0,30.55,2024-11-06,9107,2024-11,2024Q4,4.28,6.55,30.55,0.0,0.0
704,C3177,9090,1769,0.2635,5.14,1606,5.66,0.9079,21,LinkedIn,Image,55+,Other,Africa,276232,8817.3,31.33,2024-05-10,6713,2024-05,2024Q2,4.98,5.49,31.33,-272.7,-0.03
705,C8683,6980,104,0.0185,67.12,45,155.11,0.4327,29,YouTube,Image,45-54,Male,Africa,2295,7329.0,0.31,2024-10-31,5621,2024-10,2024Q4,70.47,162.87,0.31,349.0,0.05
706,C6119,4960,1807,0.556,2.74,47,105.53,0.026,21,LinkedIn,Image,35-44,Female,South America,8319,4860.8,1.71,2024-10-12,3249,2024-10,2024Q4,2.69,103.42,1.71,-99.2,-0.02
707,C4126,2130,518,0.0521,4.11,32,66.56,0.0618,23,Google,Image,45-54,Other,South America,5920,2023.5,2.93,2024-11-04,9942,2024-11,2024Q4,3.91,63.23,2.93,-106.5,-0.05
708,C7290,6070,1051,0.1978,5.78,447,13.58,0.4253,8,Google,Carousel,35-44,Male,North America,16539,6070.0,2.72,2024-09-02,5313,2024-09,2024Q3,5.78,13.58,2.72,0.0,0.0
709,C4977,5300,909,0.1209,5.83,422,12.56,0.4642,29,YouTube,Image,25-34,Female,Europe,16458,5565.0,2.96,2024-04-09,7518,2024-04,2024Q2,6.12,13.19,2.96,265.0,0.05
710,C7571,7530,760,0.2116,9.91,383,19.66,0.5039,27,YouTube,Image,25-34,Male,Europe,45194,7755.9,5.83,2024-03-06,3591,2024-03,2024Q1,10.21,20.25,5.83,225.9,0.03
711,C9725,5860,728,0.0827,8.05,112,52.32,0.1538,9,Google,Text,35-44,Female,Asia,20272,5625.6,3.6,2024-09-02,8802,2024-09,2024Q3,7.73,50.23,3.6,-234.4,-0.04
712,C1839,8380,677,0.0784,12.38,370,22.65,0.5465,17,LinkedIn,Image,25-34,Male,North America,44400,8296.2,5.35,2024-03-27,8635,2024-03,2024Q1,12.25,22.42,5.35,-83.8,-0.01
713,C5814,9390,1201,0.2143,7.82,1086,8.65,0.9042,26,Google,Image,35-44,Female,North America,42354,9108.3,4.65,2024-10-27,5604,2024-10,2024Q4,7.58,8.39,4.65,-281.7,-0.03
714,C5221,5640,1713,0.3231,3.29,272,20.74,0.1588,12,LinkedIn,Text,25-34,Other,South America,42976,5809.2,7.4,2024-12-13,5301,2024-12,2024Q4,3.39,21.36,7.4,169.2,0.03
715,C1773,8620,602,0.2565,14.32,200,43.1,0.3322,15,LinkedIn,Video,45-54,Male,Africa,20000,8878.6,2.25,2024-12-14,2346,2024-12,2024Q4,14.75,44.39,2.25,258.6,0.03
716,C2910,6480,1643,0.7404,3.94,615,10.54,0.3743,20,Facebook,Text,18-24,Male,North America,87330,6544.8,13.34,2024-06-24,2219,2024-06,2024Q2,3.98,10.64,13.34,64.8,0.01
717,C4597,4620,1537,0.1852,3.01,83,55.66,0.054,26,Google,Carousel,45-54,Other,Europe,13363,4666.2,2.86,2024-08-21,8299,2024-08,2024Q3,3.04,56.22,2.86,46.2,0.01
718,C5599,7500,208,0.0333,36.06,194,38.66,0.9327,9,Facebook,Image,45-54,Male,Europe,20564,7575.0,2.71,2024-12-16,6246,2024-12,2024Q4,36.42,39.05,2.71,75.0,0.01
719,C7037,4650,840,0.4805,5.54,80,58.12,0.0952,19,Google,Text,45-54,Male,North America,9120,4650.0,1.96,2024-04-13,1748,2024-04,2024Q2,5.54,58.12,1.96,0.0,0.0
720,C9467,5840,399,0.0533,14.64,185,31.57,0.4637,19,LinkedIn,Image,45-54,Female,Africa,22385,5723.2,3.91,2024-08-20,7485,2024-08,2024Q3,14.34,30.94,3.91,-116.8,-0.02
721,C9701,7020,1976,0.1999,3.55,842,8.34,0.4261,23,Instagram,Text,45-54,Other,North America,159980,7090.2,22.56,2025-01-02,9884,2025-01,2025Q1,3.59,8.42,22.56,70.2,0.01
722,C3666,8680,1258,0.1416,6.9,393,22.09,0.3124,24,Facebook,Image,35-44,Female,Europe,74277,9114.0,8.15,2024-07-21,8884,2024-07,2024Q3,7.24,23.19,8.15,434.0,0.05
723,C9462,4930,967,0.349,5.1,650,7.58,0.6722,20,YouTube,Carousel,18-24,Other,North America,61100,5176.5,11.8,2024-10-31,2770,2024-10,2024Q4,5.35,7.96,11.8,246.5,0.05
724,C5704,3940,1721,0.2653,2.29,1690,2.33,0.982,19,Facebook,Carousel,25-34,Other,South America,253500,4097.6,61.87,2024-03-05,6486,2024-03,2024Q1,2.38,2.42,61.87,157.6,0.04
725,C1792,7830,738,0.0931,10.61,31,252.58,0.042,25,LinkedIn,Image,35-44,Female,Africa,4960,8221.5,0.6,2024-08-31,7926,2024-08,2024Q3,11.14,265.21,0.6,391.5,0.05
726,C2315,3010,443,0.0619,6.79,420,7.17,0.9481,11,Google,Carousel,55+,Female,Africa,52920,2949.8,17.94,2024-09-07,7156,2024-09,2024Q3,6.66,7.02,17.94,-60.2,-0.02
727,C6735,8250,201,0.0219,41.04,54,152.78,0.2687,10,Facebook,Carousel,25-34,Male,Africa,2916,7837.5,0.37,2024-07-03,9178,2024-07,2024Q3,38.99,145.14,0.37,-412.5,-0.05
728,C8747,3030,1019,0.1163,2.97,999,3.03,0.9804,18,YouTube,Carousel,18-24,Other,Europe,128871,3060.3,42.11,2024-08-20,8761,2024-08,2024Q3,3.0,3.06,42.11,30.3,0.01
729,C3665,9880,1653,0.2979,5.98,739,13.37,0.4471,18,Google,Carousel,18-24,Other,Africa,147061,10374.0,14.18,2024-11-02,5548,2024-11,2024Q4,6.28,14.04,14.18,494.0,0.05
730,C6915,8770,925,0.1095,9.48,719,12.2,0.7773,24,YouTube,Text,18-24,Female,Africa,27322,8945.4,3.05,2024-10-26,8447,2024-10,2024Q4,9.67,12.44,3.05,175.4,0.02
731,C7347,7180,1786,0.4162,4.02,818,8.78,0.458,25,Google,Carousel,25-34,Female,Africa,39264,7539.0,5.21,2024-09-25,4291,2024-09,2024Q3,4.22,9.22,5.21,359.0,0.05
732,C9107,8600,490,0.0768,17.55,291,29.55,0.5939,12,LinkedIn,Carousel,18-24,Other,Africa,34338,8514.0,4.03,2024-08-30,6380,2024-08,2024Q3,17.38,29.26,4.03,-86.0,-0.01
733,C3996,8490,931,0.1557,9.12,129,65.81,0.1386,24,Google,Video,25-34,Female,Asia,15351,8829.6,1.74,2024-04-08,5979,2024-04,2024Q2,9.48,68.45,1.74,339.6,0.04
734,C8642,8870,1089,0.4692,8.15,506,17.53,0.4646,25,Instagram,Image,55+,Female,Asia,36432,9136.1,3.99,2024-04-24,2320,2024-04,2024Q2,8.39,18.06,3.99,266.1,0.03
735,C5426,5660,1199,0.1398,4.72,158,35.82,0.1318,15,YouTube,Text,25-34,Female,South America,15010,5829.8,2.57,2024-05-21,8576,2024-05,2024Q2,4.86,36.9,2.57,169.8,0.03
736,C1729,9960,259,0.0265,38.46,15,664.0,0.0579,8,Instagram,Video,45-54,Female,North America,2370,9960.0,0.24,2024-11-30,9773,2024-11,2024Q4,38.46,664.0,0.24,0.0,0.0
737,C8156,5980,925,0.1718,6.46,920,6.5,0.9946,19,Google,Video,35-44,Other,North America,99360,6099.6,16.29,2024-04-22,5384,2024-04,2024Q2,6.59,6.63,16.29,119.6,0.02
738,C8618,6930,682,0.1677,10.16,552,12.55,0.8094,14,YouTube,Carousel,25-34,Other,Europe,109296,6583.5,16.6,2024-12-03,4066,2024-12,2024Q4,9.65,11.93,16.6,-346.5,-0.05
739,C4514,2100,841,0.1703,2.5,286,7.34,0.3401,19,LinkedIn,Text,25-34,Other,North America,25454,2163.0,11.77,2024-02-23,4938,2024-02,2024Q1,2.57,7.56,11.77,63.0,0.03
740,C3583,8390,472,0.1753,17.78,471,17.81,0.9979,20,Instagram,Carousel,18-24,Male,Asia,67353,8725.6,7.72,2024-08-19,2692,2024-08,2024Q3,18.49,18.53,7.72,335.6,0.04
741,C9909,6260,1944,0.9624,3.22,449,13.94,0.231,10,Google,Video,18-24,Other,Africa,75432,6322.6,11.93,2024-02-21,2019,2024-02,2024Q1,3.25,14.08,11.93,62.6,0.01
742,C9506,5990,1886,0.5007,3.18,38,157.63,0.0201,27,Instagram,Image,55+,Other,South America,3192,5750.4,0.56,2025-02-09,3766,2025-02,2025Q1,3.05,151.33,0.56,-239.6,-0.04
743,C1568,3440,1268,0.3572,2.71,863,3.99,0.6806,7,Facebook,Image,18-24,Other,Asia,25890,3336.8,7.76,2024-08-07,3549,2024-08,2024Q3,2.63,3.87,7.76,-103.2,-0.03
744,C2988,6760,1713,0.3567,3.95,1374,4.92,0.8021,22,YouTube,Image,45-54,Other,Asia,107172,6827.6,15.7,2024-12-17,4802,2024-12,2024Q4,3.99,4.97,15.7,67.6,0.01
745,C1179,8220,1831,0.3991,4.49,1002,8.2,0.5472,25,LinkedIn,Carousel,45-54,Male,Asia,121242,7891.2,15.36,2025-01-06,4587,2025-01,2025Q1,4.31,7.88,15.36,-328.8,-0.04
746,C1926,9080,996,0.165,9.12,222,40.9,0.2229,20,Facebook,Carousel,25-34,Female,South America,13320,8716.8,1.53,2024-10-24,6036,2024-10,2024Q4,8.75,39.26,1.53,-363.2,-0.04
747,C5567,6110,578,0.1296,10.57,358,17.07,0.6194,15,LinkedIn,Video,25-34,Other,South America,66230,5804.5,11.41,2024-09-03,4459,2024-09,2024Q3,10.04,16.21,11.41,-305.5,-0.05
748,C2273,5760,145,0.074,39.72,46,125.22,0.3172,17,LinkedIn,Video,55+,Male,Europe,3680,5990.4,0.61,2024-06-18,1959,2024-06,2024Q2,41.31,130.23,0.61,230.4,0.04
749,C3826,7590,1706,1.2665,4.45,272,27.9,0.1594,15,Instagram,Carousel,25-34,Other,Africa,53584,7741.8,6.92,2024-04-22,1347,2024-04,2024Q2,4.54,28.46,6.92,151.8,0.02
750,C2366,7580,297,0.0472,25.52,259,29.27,0.8721,8,Facebook,Image,55+,Male,Europe,48433,7504.2,6.45,2024-04-18,6292,2024-04,2024Q2,25.27,28.97,6.45,-75.8,-0.01
751,C1164,2150,1066,0.2405,2.02,541,3.97,0.5075,15,Instagram,Video,25-34,Male,South America,27591,2085.5,13.23,2024-09-29,4432,2024-09,2024Q3,1.96,3.85,13.23,-64.5,-0.03
752,C4920,2120,1613,0.3722,1.31,941,2.25,0.5834,7,Google,Image,35-44,Male,South America,52696,2056.4,25.63,2025-02-07,4333,2025-02,2025Q1,1.27,2.19,25.63,-63.6,-0.03
753,C2431,6260,1272,0.1528,4.92,375,16.69,0.2948,15,LinkedIn,Image,35-44,Female,South America,63750,6322.6,10.08,2024-08-11,8324,2024-08,2024Q3,4.97,16.86,10.08,62.6,0.01
754,C6662,6360,1922,0.2338,3.31,350,18.17,0.1821,16,YouTube,Image,35-44,Male,Africa,19950,6232.8,3.2,2024-05-25,8220,2024-05,2024Q2,3.24,17.81,3.2,-127.2,-0.02
755,C2429,8330,964,0.1971,8.64,950,8.77,0.9855,15,Facebook,Text,55+,Male,Asia,125400,8330.0,15.05,2024-07-18,4890,2024-07,2024Q3,8.64,8.77,15.05,0.0,0.0
756,C8551,5120,1179,0.2177,4.34,616,8.31,0.5225,9,Google,Video,55+,Female,Africa,78848,5171.2,15.25,2024-05-26,5415,2024-05,2024Q2,4.39,8.39,15.25,51.2,0.01
757,C8414,6200,981,0.8299,6.32,148,41.89,0.1509,20,YouTube,Text,45-54,Other,North America,16872,5890.0,2.86,2024-05-26,1182,2024-05,2024Q2,6.0,39.8,2.86,-310.0,-0.05
758,C7440,7380,1015,0.188,7.27,704,10.48,0.6936,17,Facebook,Video,35-44,Female,North America,39424,7675.2,5.14,2024-06-21,5398,2024-06,2024Q2,7.56,10.9,5.14,295.2,0.04
759,C8716,6250,371,0.0515,16.85,200,31.25,0.5391,20,LinkedIn,Text,18-24,Female,Africa,20800,6312.5,3.3,2025-01-16,7203,2025-01,2025Q1,17.01,31.56,3.3,62.5,0.01
760,C5275,9220,787,0.0833,11.72,104,88.65,0.1321,15,Google,Text,18-24,Female,North America,4264,8851.2,0.48,2024-10-25,9447,2024-10,2024Q4,11.25,85.11,0.48,-368.8,-0.04
761,C3412,9460,187,0.039,50.59,70,135.14,0.3743,18,LinkedIn,Carousel,18-24,Female,North America,7420,9838.4,0.75,2024-06-19,4794,2024-06,2024Q2,52.61,140.55,0.75,378.4,0.04
762,C5670,6300,511,0.0779,12.33,410,15.37,0.8023,10,YouTube,Text,45-54,Male,Asia,19680,6174.0,3.19,2024-05-18,6559,2024-05,2024Q2,12.08,15.06,3.19,-126.0,-0.02
763,C7395,7680,1531,0.2582,5.02,566,13.57,0.3697,20,YouTube,Text,35-44,Male,Africa,49242,7526.4,6.54,2024-12-28,5929,2024-12,2024Q4,4.92,13.3,6.54,-153.6,-0.02
764,C2731,3640,432,0.0678,8.43,119,30.59,0.2755,24,Instagram,Carousel,55+,Female,Asia,13566,3494.4,3.88,2024-04-02,6371,2024-04,2024Q2,8.09,29.36,3.88,-145.6,-0.04
765,C6433,7380,1788,0.4158,4.13,43,171.63,0.024,28,YouTube,Text,25-34,Male,North America,6794,7453.8,0.91,2024-08-23,4300,2024-08,2024Q3,4.17,173.34,0.91,73.8,0.01
766,C8255,3440,137,0.0199,25.11,72,47.78,0.5255,27,Facebook,Text,45-54,Female,Asia,8064,3612.0,2.23,2025-01-28,6884,2025-01,2025Q1,26.36,50.17,2.23,172.0,0.05
767,C1268,7760,485,0.2418,16.0,312,24.87,0.6433,20,Instagram,Video,55+,Female,South America,24024,7992.8,3.01,2024-11-22,2005,2024-11,2024Q4,16.48,25.62,3.01,232.8,0.03
768,C5077,8930,1732,0.3702,5.16,244,36.6,0.1409,21,Facebook,Video,55+,Female,North America,30256,8572.8,3.53,2024-02-16,4678,2024-02,2024Q1,4.95,35.13,3.53,-357.2,-0.04
769,C4648,9470,1397,0.2902,6.78,1289,7.35,0.9227,30,Google,Image,18-24,Male,Asia,250066,9470.0,26.41,2024-04-29,4813,2024-04,2024Q2,6.78,7.35,26.41,0.0,0.0
770,C2466,2180,272,0.0774,8.01,169,12.9,0.6213,24,Instagram,Text,25-34,Other,Europe,10985,2092.8,5.25,2024-10-11,3514,2024-10,2024Q4,7.69,12.38,5.25,-87.2,-0.04
771,C6212,2220,292,0.0856,7.6,113,19.65,0.387,18,LinkedIn,Carousel,45-54,Other,Europe,15707,2242.2,7.01,2024-11-19,3411,2024-11,2024Q4,7.68,19.84,7.01,22.2,0.01
772,C9010,4940,1190,0.1878,4.15,901,5.48,0.7571,9,YouTube,Video,45-54,Other,North America,109922,5137.6,21.4,2024-03-24,6336,2024-03,2024Q1,4.32,5.7,21.4,197.6,0.04
773,C5106,7730,1763,0.1908,4.38,899,8.6,0.5099,12,LinkedIn,Carousel,18-24,Male,Africa,35960,7498.1,4.8,2024-06-09,9240,2024-06,2024Q2,4.25,8.34,4.8,-231.9,-0.03
774,C3994,7590,676,0.2502,11.23,64,118.59,0.0947,14,YouTube,Image,18-24,Female,South America,5632,7969.5,0.71,2024-08-07,2701,2024-08,2024Q3,11.79,124.52,0.71,379.5,0.05
775,C6538,6880,541,0.078,12.72,504,13.65,0.9316,17,LinkedIn,Video,45-54,Male,Asia,74592,6742.4,11.06,2024-10-30,6935,2024-10,2024Q4,12.46,13.38,11.06,-137.6,-0.02
776,C2696,4010,421,0.0797,9.52,407,9.85,0.9667,16,YouTube,Text,55+,Male,Africa,39479,4130.3,9.56,2024-06-28,5282,2024-06,2024Q2,9.81,10.15,9.56,120.3,0.03
777,C2662,7540,901,0.174,8.37,24,314.17,0.0266,16,YouTube,Image,45-54,Male,South America,2400,7690.8,0.31,2024-10-14,5178,2024-10,2024Q4,8.54,320.45,0.31,150.8,0.02
778,C4282,5350,1110,0.8333,4.82,550,9.73,0.4955,26,LinkedIn,Video,18-24,Male,Europe,50600,5136.0,9.85,2024-06-19,1332,2024-06,2024Q2,4.63,9.34,9.85,-214.0,-0.04
779,C3968,7540,1992,0.2542,3.79,1285,5.87,0.6451,30,Facebook,Text,25-34,Female,North America,223590,7389.2,30.26,2025-01-21,7836,2025-01,2025Q1,3.71,5.75,30.26,-150.8,-0.02
780,C2176,2050,578,0.0831,3.55,321,6.39,0.5554,19,Instagram,Text,55+,Female,Africa,37236,1968.0,18.92,2025-01-26,6955,2025-01,2025Q1,3.4,6.13,18.92,-82.0,-0.04
781,C6493,5640,1202,0.2997,4.69,1045,5.4,0.8694,18,Google,Carousel,35-44,Female,South America,199595,5640.0,35.39,2024-08-25,4010,2024-08,2024Q3,4.69,5.4,35.39,0.0,0.0
782,C1526,2370,1176,0.1668,2.02,908,2.61,0.7721,27,LinkedIn,Carousel,35-44,Male,North America,83536,2441.1,34.22,2024-04-21,7050,2024-04,2024Q2,2.08,2.69,34.22,71.1,0.03
783,C5357,7650,209,0.0249,36.6,33,231.82,0.1579,11,Google,Video,45-54,Female,Asia,4851,7420.5,0.65,2024-03-04,8393,2024-03,2024Q1,35.5,224.86,0.65,-229.5,-0.03
784,C7147,9670,1548,0.197,6.25,368,26.28,0.2377,21,Facebook,Carousel,55+,Other,Asia,72864,9186.5,7.93,2024-08-08,7857,2024-08,2024Q3,5.93,24.96,7.93,-483.5,-0.05
785,C1755,7350,595,0.0749,12.35,413,17.8,0.6941,29,Instagram,Carousel,35-44,Other,Africa,58233,7203.0,8.08,2024-12-11,7943,2024-12,2024Q4,12.11,17.44,8.08,-147.0,-0.02
786,C5315,7820,1902,0.2032,4.11,355,22.03,0.1866,13,LinkedIn,Image,55+,Other,Africa,42955,7585.4,5.66,2024-05-10,9360,2024-05,2024Q2,3.99,21.37,5.66,-234.6,-0.03
787,C1955,3640,364,0.0795,10.0,325,11.2,0.8929,19,LinkedIn,Image,55+,Male,Asia,33800,3494.4,9.67,2024-06-15,4578,2024-06,2024Q2,9.6,10.75,9.67,-145.6,-0.04
788,C2099,9920,1498,0.4889,6.62,598,16.59,0.3992,11,Facebook,Text,45-54,Other,South America,99268,9920.0,10.01,2024-12-22,3064,2024-12,2024Q4,6.62,16.59,10.01,0.0,0.0
789,C9787,5050,1300,0.1532,3.88,585,8.63,0.45,8,Instagram,Carousel,25-34,Other,South America,111735,5201.5,21.48,2024-04-07,8485,2024-04,2024Q2,4.0,8.89,21.48,151.5,0.03
790,C9991,8440,1598,0.1716,5.28,423,19.95,0.2647,10,Facebook,Video,55+,Other,Europe,69372,8524.4,8.14,2024-03-26,9312,2024-03,2024Q1,5.33,20.15,8.14,84.4,0.01
791,C1249,7220,1447,0.3421,4.99,176,41.02,0.1216,21,Instagram,Video,35-44,Male,Africa,13728,6931.2,1.98,2024-08-30,4229,2024-08,2024Q3,4.79,39.38,1.98,-288.8,-0.04
792,C3289,5430,438,0.0575,12.4,289,18.79,0.6598,22,Instagram,Video,45-54,Male,Europe,49708,5212.8,9.54,2024-06-23,7617,2024-06,2024Q2,11.9,18.04,9.54,-217.2,-0.04
793,C3249,7740,1770,0.9214,4.37,619,12.5,0.3497,25,LinkedIn,Carousel,45-54,Other,Europe,34045,7430.4,4.58,2024-07-16,1920,2024-07,2024Q3,4.2,12.0,4.58,-309.6,-0.04
794,C6980,6090,509,0.113,11.96,142,42.89,0.279,9,Facebook,Text,45-54,Male,South America,13774,6394.5,2.15,2024-08-10,4504,2024-08,2024Q3,12.56,45.03,2.15,304.5,0.05
795,C2751,2390,571,0.1271,4.19,61,39.18,0.1068,23,YouTube,Carousel,18-24,Male,Africa,3477,2366.1,1.47,2024-03-11,4492,2024-03,2024Q1,4.14,38.79,1.47,-23.9,-0.01
796,C6646,8900,1585,0.6915,5.62,1065,8.36,0.6719,28,YouTube,Carousel,25-34,Other,Asia,208740,8900.0,23.45,2024-09-22,2292,2024-09,2024Q3,5.62,8.36,23.45,0.0,0.0
797,C2838,2080,1653,0.6981,1.26,166,12.53,0.1004,14,Facebook,Text,35-44,Other,South America,31706,2100.8,15.09,2024-04-13,2367,2024-04,2024Q2,1.27,12.66,15.09,20.8,0.01
798,C1202,4960,1847,0.4136,2.69,1270,3.91,0.6876,27,Google,Carousel,55+,Other,Africa,67310,5009.6,13.44,2024-10-04,4465,2024-10,2024Q4,2.71,3.94,13.44,49.6,0.01
799,C6554,4270,1318,0.5422,3.24,1225,3.49,0.9294,11,Facebook,Image,45-54,Male,South America,180075,4355.4,41.35,2024-11-09,2430,2024-11,2024Q4,3.3,3.56,41.35,85.4,0.02
800,C6282,4160,1619,0.355,2.57,253,16.44,0.1563,13,Instagram,Image,35-44,Female,Africa,50600,4160.0,12.16,2024-07-05,4560,2024-07,2024Q3,2.57,16.44,12.16,0.0,0.0
801,C3287,5350,822,0.1814,6.51,759,7.05,0.9234,26,YouTube,Text,45-54,Male,Asia,115368,5243.0,22.0,2024-03-12,4531,2024-03,2024Q1,6.38,6.91,22.0,-107.0,-0.02
802,C3336,9310,613,0.0633,15.19,552,16.87,0.9005,13,YouTube,Carousel,18-24,Other,Asia,105984,9030.7,11.74,2024-07-31,9684,2024-07,2024Q3,14.73,16.36,11.74,-279.3,-0.03
803,C2203,8220,1234,0.2241,6.66,281,29.25,0.2277,10,YouTube,Text,45-54,Male,North America,22761,8548.8,2.66,2025-01-27,5506,2025-01,2025Q1,6.93,30.42,2.66,328.8,0.04
804,C5305,2510,1038,0.1915,2.42,816,3.08,0.7861,29,Instagram,Video,25-34,Other,South America,121584,2510.0,48.44,2024-10-08,5420,2024-10,2024Q4,2.42,3.08,48.44,0.0,0.0
805,C5375,5350,1756,0.5388,3.05,624,8.57,0.3554,22,Instagram,Video,25-34,Male,Asia,28080,5510.5,5.1,2024-02-22,3259,2024-02,2024Q1,3.14,8.83,5.1,160.5,0.03
806,C6556,4380,1689,0.329,2.59,543,8.07,0.3215,18,Google,Image,35-44,Female,South America,86880,4292.4,20.24,2024-06-09,5133,2024-06,2024Q2,2.54,7.9,20.24,-87.6,-0.02
807,C5378,9670,644,0.0685,15.02,335,28.87,0.5202,16,Instagram,Carousel,55+,Male,South America,35510,9379.9,3.79,2024-05-25,9401,2024-05,2024Q2,14.57,28.0,3.79,-290.1,-0.03
808,C8714,6760,1000,0.3929,6.76,452,14.96,0.452,13,YouTube,Carousel,55+,Female,South America,13560,6557.2,2.07,2024-05-13,2545,2024-05,2024Q2,6.56,14.51,2.07,-202.8,-0.03
809,C2782,2150,333,0.0922,6.46,313,6.87,0.9399,18,Instagram,Text,35-44,Other,Africa,36621,2064.0,17.74,2024-03-06,3611,2024-03,2024Q1,6.2,6.59,17.74,-86.0,-0.04
810,C1809,3980,574,0.1132,6.93,96,41.46,0.1672,22,LinkedIn,Image,55+,Other,South America,15168,4139.2,3.66,2024-02-14,5070,2024-02,2024Q1,7.21,43.12,3.66,159.2,0.04
811,C5763,8430,1685,0.3692,5.0,902,9.35,0.5353,7,LinkedIn,Carousel,18-24,Other,Asia,62238,8261.4,7.53,2024-05-22,4563,2024-05,2024Q2,4.9,9.16,7.53,-168.6,-0.02
812,C6911,4150,472,0.1196,8.79,225,18.44,0.4767,7,Facebook,Video,45-54,Male,Asia,27450,4274.5,6.42,2024-10-18,3946,2024-10,2024Q4,9.06,19.0,6.42,124.5,0.03
813,C4570,4530,467,0.282,9.7,44,102.95,0.0942,9,YouTube,Carousel,45-54,Other,South America,6556,4394.1,1.49,2024-02-25,1656,2024-02,2024Q1,9.41,99.87,1.49,-135.9,-0.03
814,C8939,3640,199,0.0356,18.29,127,28.66,0.6382,14,Facebook,Image,35-44,Male,South America,4445,3530.8,1.26,2024-10-29,5589,2024-10,2024Q4,17.74,27.8,1.26,-109.2,-0.03
815,C9017,9430,1906,0.3258,4.95,798,11.82,0.4187,22,YouTube,Video,18-24,Other,North America,75012,9807.2,7.65,2024-05-11,5850,2024-05,2024Q2,5.15,12.29,7.65,377.2,0.04
816,C3559,6920,1450,0.671,4.77,1115,6.21,0.769,26,Facebook,Video,35-44,Male,Europe,81395,6850.8,11.88,2024-12-17,2160,2024-12,2024Q4,4.72,6.14,11.88,-69.2,-0.01
817,C2586,8550,619,0.0797,13.81,89,96.07,0.1438,20,LinkedIn,Video,25-34,Other,South America,8277,8464.5,0.98,2024-07-17,7766,2024-07,2024Q3,13.67,95.11,0.98,-85.5,-0.01
818,C8329,3580,1171,0.6761,3.06,699,5.12,0.5969,27,LinkedIn,Image,55+,Male,North America,51027,3580.0,14.25,2024-03-07,1731,2024-03,2024Q1,3.06,5.12,14.25,0.0,0.0
819,C2140,3960,1307,0.2528,3.03,1041,3.8,0.7965,26,LinkedIn,Image,45-54,Male,Europe,200913,3841.2,52.3,2024-03-23,5170,2024-03,2024Q1,2.94,3.69,52.3,-118.8,-0.03
820,C3666,6110,1969,0.3327,3.1,557,10.97,0.2829,25,LinkedIn,Text,35-44,Male,North America,90234,6415.5,14.06,2024-10-25,5918,2024-10,2024Q4,3.26,11.52,14.06,305.5,0.05
821,C5211,4160,352,0.0619,11.82,44,94.55,0.125,27,Instagram,Image,45-54,Female,Africa,3784,4201.6,0.9,2024-11-02,5686,2024-11,2024Q4,11.94,95.49,0.9,41.6,0.01
822,C3270,2320,1096,0.6841,2.12,914,2.54,0.8339,13,Google,Image,35-44,Male,North America,77690,2250.4,34.52,2024-02-21,1602,2024-02,2024Q1,2.05,2.46,34.52,-69.6,-0.03
823,C7625,7680,1684,0.2532,4.56,321,23.93,0.1906,24,YouTube,Image,55+,Female,Africa,35310,7910.4,4.46,2025-01-03,6650,2025-01,2025Q1,4.7,24.64,4.46,230.4,0.03
824,C4187,7960,453,0.1515,17.57,343,23.21,0.7572,8,Facebook,Video,25-34,Other,North America,41160,8358.0,4.92,2024-03-19,2990,2024-03,2024Q1,18.45,24.37,4.92,398.0,0.05
825,C1613,6150,681,0.1637,9.03,314,19.59,0.4611,18,Instagram,Text,18-24,Other,Asia,27632,5842.5,4.73,2024-04-24,4160,2024-04,2024Q2,8.58,18.61,4.73,-307.5,-0.05
826,C7767,8580,1797,0.2305,4.77,258,33.26,0.1436,17,YouTube,Video,35-44,Male,South America,38700,8837.4,4.38,2024-11-14,7796,2024-11,2024Q4,4.92,34.25,4.38,257.4,0.03
827,C4627,3600,1263,0.2753,2.85,920,3.91,0.7284,9,LinkedIn,Text,55+,Female,Asia,103960,3672.0,28.31,2024-04-21,4587,2024-04,2024Q2,2.91,3.99,28.31,72.0,0.02
828,C5910,7160,293,0.2169,24.44,291,24.6,0.9932,17,LinkedIn,Video,55+,Other,Asia,49179,7374.8,6.67,2024-04-23,1350,2024-04,2024Q2,25.17,25.34,6.67,214.8,0.03
829,C2193,7990,219,0.0355,36.48,214,37.34,0.9772,8,YouTube,Image,25-34,Female,South America,28034,7910.1,3.54,2024-08-01,6169,2024-08,2024Q3,36.12,36.96,3.54,-79.9,-0.01
830,C3002,7530,696,0.131,10.82,292,25.79,0.4195,30,LinkedIn,Text,25-34,Female,Europe,19856,7379.4,2.69,2024-10-29,5312,2024-10,2024Q4,10.6,25.27,2.69,-150.6,-0.02
831,C1714,3890,72,0.017,54.03,62,62.74,0.8611,15,LinkedIn,Carousel,18-24,Male,North America,9114,3773.3,2.42,2025-01-16,4235,2025-01,2025Q1,52.41,60.86,2.42,-116.7,-0.03
832,C3181,2290,1707,0.8242,1.34,1372,1.67,0.8037,10,YouTube,Image,25-34,Other,Asia,223636,2381.6,93.9,2024-02-26,2071,2024-02,2024Q1,1.4,1.74,93.9,91.6,0.04
833,C3848,8440,607,0.1262,13.9,407,20.74,0.6705,22,YouTube,Video,55+,Other,Asia,32560,8440.0,3.86,2024-06-29,4809,2024-06,2024Q2,13.9,20.74,3.86,0.0,0.0
834,C3617,9460,654,0.1244,14.46,177,53.45,0.2706,25,Facebook,Image,25-34,Female,Europe,22656,9838.4,2.3,2024-09-29,5257,2024-09,2024Q3,15.04,55.58,2.3,378.4,0.04
835,C3628,8500,1283,0.4722,6.63,486,17.49,0.3788,18,YouTube,Image,45-54,Male,Asia,39366,8160.0,4.82,2024-09-13,2717,2024-09,2024Q3,6.36,16.79,4.82,-340.0,-0.04
836,C5194,9170,842,0.5946,10.89,776,11.82,0.9216,24,Google,Text,25-34,Other,Asia,97000,9078.3,10.68,2025-02-03,1416,2025-02,2025Q1,10.78,11.7,10.68,-91.7,-0.01
837,C6303,5130,795,0.1424,6.45,732,7.01,0.9208,19,Instagram,Video,45-54,Other,Africa,125904,4924.8,25.57,2024-02-17,5582,2024-02,2024Q1,6.19,6.73,25.57,-205.2,-0.04
838,C9923,2280,1262,0.4507,1.81,1048,2.18,0.8304,8,YouTube,Carousel,35-44,Female,Asia,143576,2280.0,62.97,2024-04-23,2800,2024-04,2024Q2,1.81,2.18,62.97,0.0,0.0
839,C7305,2530,452,0.0932,5.6,433,5.84,0.958,25,Instagram,Carousel,18-24,Female,Europe,52826,2454.1,21.53,2024-05-09,4849,2024-05,2024Q2,5.43,5.67,21.53,-75.9,-0.03
840,C5101,2950,1392,0.8561,2.12,811,3.64,0.5826,29,Instagram,Text,18-24,Female,North America,90021,2891.0,31.14,2024-05-01,1625,2024-05,2024Q2,2.08,3.56,31.14,-59.0,-0.02
841,C5380,3340,1333,0.5452,2.51,35,95.43,0.0263,26,LinkedIn,Text,25-34,Female,Asia,5985,3306.6,1.81,2024-02-29,2444,2024-02,2024Q1,2.48,94.47,1.81,-33.4,-0.01
842,C3881,3440,68,0.0091,50.59,47,73.19,0.6912,25,Instagram,Text,18-24,Other,North America,1833,3405.6,0.54,2024-02-29,7472,2024-02,2024Q1,50.08,72.46,0.54,-34.4,-0.01
843,C9517,9290,1266,0.6349,7.34,612,15.18,0.4834,20,Google,Text,55+,Other,Africa,94860,8825.5,10.75,2024-05-06,1994,2024-05,2024Q2,6.97,14.42,10.75,-464.5,-0.05
844,C9729,7620,1704,0.351,4.47,385,19.79,0.2259,23,LinkedIn,Text,25-34,Male,Africa,27335,7696.2,3.55,2024-09-08,4854,2024-09,2024Q3,4.52,19.99,3.55,76.2,0.01
845,C1166,6090,652,0.1578,9.34,13,468.46,0.0199,17,Facebook,Text,25-34,Female,South America,1170,6090.0,0.19,2024-06-17,4131,2024-06,2024Q2,9.34,468.46,0.19,0.0,0.0
846,C2125,6060,515,0.0824,11.77,71,85.35,0.1379,14,Facebook,Image,18-24,Male,Africa,12851,5757.0,2.23,2024-08-14,6250,2024-08,2024Q3,11.18,81.08,2.23,-303.0,-0.05
847,C1322,6520,1798,0.3926,3.63,1391,4.69,0.7736,11,Facebook,Image,25-34,Male,North America,141882,6780.8,20.92,2024-04-26,4579,2024-04,2024Q2,3.77,4.87,20.92,260.8,0.04
848,C2527,6750,682,0.1256,9.9,451,14.97,0.6613,10,Instagram,Image,45-54,Male,Africa,16687,6817.5,2.45,2024-03-08,5429,2024-03,2024Q1,10.0,15.12,2.45,67.5,0.01
849,C3307,4270,83,0.0662,51.45,43,99.3,0.5181,23,Google,Carousel,25-34,Female,Europe,4859,4312.7,1.13,2024-02-21,1253,2024-02,2024Q1,51.96,100.3,1.13,42.7,0.01
850,C7981,9140,788,0.1477,11.6,167,54.73,0.2119,13,Facebook,Carousel,18-24,Male,Africa,17368,9414.2,1.84,2024-04-22,5335,2024-04,2024Q2,11.95,56.37,1.84,274.2,0.03
851,C9712,7900,593,0.1857,13.32,120,65.83,0.2024,10,YouTube,Image,35-44,Other,North America,5640,8216.0,0.69,2024-07-20,3193,2024-07,2024Q3,13.85,68.47,0.69,316.0,0.04
852,C2659,9790,1658,0.9793,5.9,833,11.75,0.5024,10,LinkedIn,Text,55+,Female,North America,161602,10279.5,15.72,2024-09-07,1693,2024-09,2024Q3,6.2,12.34,15.72,489.5,0.05
853,C1416,7770,206,0.0261,37.72,192,40.47,0.932,12,Instagram,Carousel,45-54,Other,North America,13632,7536.9,1.81,2024-09-29,7892,2024-09,2024Q3,36.59,39.25,1.81,-233.1,-0.03
854,C7312,4300,373,0.0814,11.53,249,17.27,0.6676,10,Facebook,Video,55+,Other,Europe,29880,4085.0,7.31,2024-09-15,4582,2024-09,2024Q3,10.95,16.41,7.31,-215.0,-0.05
855,C4863,5420,156,0.018,34.74,30,180.67,0.1923,29,Instagram,Video,18-24,Other,Africa,5880,5311.6,1.11,2025-01-05,8666,2025-01,2025Q1,34.05,177.05,1.11,-108.4,-0.02
856,C5915,7140,1346,0.1769,5.3,854,8.36,0.6345,17,LinkedIn,Image,18-24,Male,Europe,43554,6783.0,6.42,2025-01-01,7608,2025-01,2025Q1,5.04,7.94,6.42,-357.0,-0.05
857,C2755,6430,803,0.0987,8.01,300,21.43,0.3736,12,Google,Video,45-54,Male,South America,60000,6301.4,9.52,2024-02-23,8135,2024-02,2024Q1,7.85,21.0,9.52,-128.6,-0.02
858,C3274,4190,143,0.0174,29.3,15,279.33,0.1049,26,Facebook,Text,25-34,Female,North America,1485,4273.8,0.35,2024-07-29,8218,2024-07,2024Q3,29.89,284.92,0.35,83.8,0.02
859,C9336,8920,877,0.1751,10.17,659,13.54,0.7514,29,Facebook,Video,35-44,Other,North America,83693,8741.6,9.57,2024-02-19,5008,2024-02,2024Q1,9.97,13.26,9.57,-178.4,-0.02
860,C7706,8280,301,0.2155,27.51,137,60.44,0.4551,14,Facebook,Image,18-24,Other,North America,6713,8445.6,0.79,2024-02-23,1396,2024-02,2024Q1,28.06,61.65,0.79,165.6,0.02
861,C5506,9120,73,0.0087,124.93,71,128.45,0.9726,13,Google,Video,18-24,Other,Europe,7739,8664.0,0.89,2024-08-17,8390,2024-08,2024Q3,118.68,122.03,0.89,-456.0,-0.05
862,C9504,8420,1632,0.2896,5.16,565,14.9,0.3462,16,Google,Video,25-34,Male,Africa,79100,8672.6,9.12,2024-03-23,5635,2024-03,2024Q1,5.31,15.35,9.12,252.6,0.03
863,C7424,9830,907,0.277,10.84,761,12.92,0.839,16,YouTube,Image,45-54,Male,Europe,110345,9338.5,11.82,2024-11-10,3274,2024-11,2024Q4,10.3,12.27,11.82,-491.5,-0.05
864,C3850,4470,393,0.0607,11.37,372,12.02,0.9466,28,YouTube,Text,35-44,Other,Asia,41292,4470.0,9.24,2024-03-13,6474,2024-03,2024Q1,11.37,12.02,9.24,0.0,0.0
865,C2037,7260,376,0.0386,19.31,281,25.84,0.7473,23,Facebook,Video,18-24,Male,South America,50580,7405.2,6.83,2024-08-22,9740,2024-08,2024Q3,19.69,26.35,6.83,145.2,0.02
866,C3898,6920,919,0.1401,7.53,538,12.86,0.5854,11,Facebook,Video,18-24,Other,Europe,98992,7196.8,13.76,2024-04-13,6559,2024-04,2024Q2,7.83,13.38,13.76,276.8,0.04
867,C8132,7730,617,0.0826,12.53,487,15.87,0.7893,21,Instagram,Carousel,45-54,Female,North America,45291,7575.4,5.98,2024-11-08,7469,2024-11,2024Q4,12.28,15.56,5.98,-154.6,-0.02
868,C6970,2320,1150,0.1631,2.02,626,3.71,0.5443,13,Google,Image,25-34,Female,North America,71364,2412.8,29.58,2024-08-28,7050,2024-08,2024Q3,2.1,3.85,29.58,92.8,0.04
869,C1346,9680,1908,0.2538,5.07,1276,7.59,0.6688,21,Facebook,Text,25-34,Other,Asia,81664,9486.4,8.61,2024-08-26,7517,2024-08,2024Q3,4.97,7.43,8.61,-193.6,-0.02
870,C4931,3620,1212,0.1299,2.99,943,3.84,0.7781,16,LinkedIn,Text,35-44,Other,Europe,62238,3656.2,17.02,2025-01-25,9330,2025-01,2025Q1,3.02,3.88,17.02,36.2,0.01
871,C7542,5450,1763,0.1996,3.09,1006,5.42,0.5706,29,Google,Text,45-54,Male,Asia,140840,5395.5,26.1,2024-04-02,8832,2024-04,2024Q2,3.06,5.36,26.1,-54.5,-0.01
872,C9122,2830,1522,0.1729,1.86,818,3.46,0.5375,20,YouTube,Video,25-34,Other,South America,141514,2971.5,47.62,2025-02-06,8802,2025-02,2025Q1,1.95,3.63,47.62,141.5,0.05
873,C9824,4120,506,0.3452,8.14,158,26.08,0.3123,30,YouTube,Video,18-24,Other,South America,21646,4243.6,5.1,2024-12-11,1465,2024-12,2024Q4,8.39,26.86,5.1,123.6,0.03
874,C7655,3940,899,0.1384,4.38,864,4.56,0.9611,29,Google,Text,18-24,Female,Asia,47520,4137.0,11.49,2024-10-03,6495,2024-10,2024Q4,4.6,4.79,11.49,197.0,0.05
875,C4386,4640,1763,1.0463,2.63,238,19.5,0.135,27,LinkedIn,Text,55+,Other,North America,28798,4547.2,6.33,2024-06-05,1684,2024-06,2024Q2,2.58,19.11,6.33,-92.8,-0.02
876,C6062,3080,1435,0.4814,2.15,1257,2.45,0.876,10,Facebook,Video,18-24,Other,Europe,248886,2987.6,83.31,2024-04-26,2980,2024-04,2024Q2,2.08,2.38,83.31,-92.4,-0.03
877,C1696,9870,121,0.0135,81.57,47,210.0,0.3884,20,LinkedIn,Text,35-44,Female,Africa,6439,9968.7,0.65,2024-06-24,8962,2024-06,2024Q2,82.39,212.1,0.65,98.7,0.01
878,C6702,2770,204,0.0296,13.58,93,29.78,0.4559,8,Google,Video,55+,Other,North America,4278,2880.8,1.49,2024-11-01,6891,2024-11,2024Q4,14.12,30.98,1.49,110.8,0.04
879,C9503,5380,1970,0.2074,2.73,954,5.64,0.4843,17,Google,Carousel,18-24,Other,Africa,74412,5272.4,14.11,2024-12-04,9498,2024-12,2024Q4,2.68,5.53,14.11,-107.6,-0.02
880,C4579,7460,1720,1.7183,4.34,749,9.96,0.4355,24,Google,Text,45-54,Male,Asia,36701,7833.0,4.69,2024-03-28,1000,2024-03,2024Q1,4.55,10.46,4.69,373.0,0.05
881,C6148,3750,340,0.2484,11.03,304,12.34,0.8941,14,YouTube,Video,45-54,Male,South America,49552,3637.5,13.62,2024-12-26,1368,2024-12,2024Q4,10.7,11.97,13.62,-112.5,-0.03
882,C5460,4860,1025,0.1701,4.74,166,29.28,0.162,14,Facebook,Text,55+,Male,Europe,27888,4860.0,5.74,2024-05-18,6025,2024-05,2024Q2,4.74,29.28,5.74,0.0,0.0
883,C5405,3970,228,0.0443,17.41,142,27.96,0.6228,24,Instagram,Carousel,18-24,Female,North America,13774,3850.9,3.58,2024-11-07,5146,2024-11,2024Q4,16.89,27.12,3.58,-119.1,-0.03
884,C7002,8010,1321,0.4913,6.06,627,12.78,0.4746,30,Facebook,Video,35-44,Female,Asia,100947,8330.4,12.12,2024-05-16,2688,2024-05,2024Q2,6.31,13.29,12.12,320.4,0.04
885,C8749,4320,448,0.055,9.64,233,18.54,0.5201,22,YouTube,Video,25-34,Male,Africa,15145,4320.0,3.51,2024-09-09,8145,2024-09,2024Q3,9.64,18.54,3.51,0.0,0.0
886,C1159,7120,1240,0.2158,5.74,648,10.99,0.5226,24,YouTube,Text,18-24,Female,Africa,31104,7404.8,4.2,2024-10-20,5746,2024-10,2024Q4,5.97,11.43,4.2,284.8,0.04
887,C3330,5340,1364,0.1475,3.91,1323,4.04,0.9699,14,Facebook,Text,45-54,Male,Asia,218295,5340.0,40.88,2024-09-01,9247,2024-09,2024Q3,3.91,4.04,40.88,0.0,0.0
888,C3773,9740,401,0.0407,24.29,322,30.25,0.803,23,LinkedIn,Video,45-54,Female,Asia,13524,10227.0,1.32,2024-05-17,9852,2024-05,2024Q2,25.5,31.76,1.32,487.0,0.05
889,C7803,2950,775,0.1823,3.81,245,12.04,0.3161,27,LinkedIn,Video,35-44,Other,Europe,37240,2979.5,12.5,2024-09-01,4251,2024-09,2024Q3,3.84,12.16,12.5,29.5,0.01
890,C2258,9350,1936,0.4211,4.83,1503,6.22,0.7763,26,Google,Video,35-44,Male,Europe,129258,9069.5,14.25,2025-01-12,4597,2025-01,2025Q1,4.68,6.03,14.25,-280.5,-0.03
891,C6999,5400,1824,0.8736,2.96,898,6.01,0.4923,23,YouTube,Image,45-54,Other,Europe,124822,5184.0,24.08,2024-09-13,2087,2024-09,2024Q3,2.84,5.77,24.08,-216.0,-0.04
892,C4133,3060,1142,0.1352,2.68,858,3.57,0.7513,23,LinkedIn,Image,35-44,Other,North America,94380,2907.0,32.47,2025-01-29,8446,2025-01,2025Q1,2.55,3.39,32.47,-153.0,-0.05
893,C4395,8860,228,0.026,38.86,131,67.63,0.5746,15,YouTube,Video,45-54,Other,Africa,9694,8948.6,1.08,2024-06-22,8769,2024-06,2024Q2,39.25,68.31,1.08,88.6,0.01
894,C5301,4420,976,0.3232,4.53,225,19.64,0.2305,20,Facebook,Carousel,25-34,Male,North America,43200,4420.0,9.77,2024-08-26,3019,2024-08,2024Q3,4.53,19.64,9.77,0.0,0.0
895,C8608,4230,1419,0.2083,2.98,1356,3.12,0.9556,12,YouTube,Carousel,25-34,Other,Asia,178992,4356.9,41.08,2024-10-07,6812,2024-10,2024Q4,3.07,3.21,41.08,126.9,0.03
896,C2080,9490,555,0.1774,17.1,21,451.9,0.0378,12,Instagram,Image,55+,Other,Africa,1953,9869.6,0.2,2024-10-22,3128,2024-10,2024Q4,17.78,469.98,0.2,379.6,0.04
897,C4466,6710,1477,0.3872,4.54,1001,6.7,0.6777,22,LinkedIn,Image,18-24,Male,Africa,87087,6844.2,12.72,2024-05-13,3814,2024-05,2024Q2,4.63,6.84,12.72,134.2,0.02
898,C5467,2290,1227,0.1705,1.87,500,4.58,0.4075,28,Google,Carousel,45-54,Male,Asia,24500,2404.5,10.19,2024-05-20,7196,2024-05,2024Q2,1.96,4.81,10.19,114.5,0.05
899,C8284,9860,1494,0.2037,6.6,749,13.16,0.5013,27,Google,Image,25-34,Female,Europe,131075,9860.0,13.29,2024-02-11,7334,2024-02,2024Q1,6.6,13.16,13.29,0.0,0.0
900,C4909,8120,1580,0.3446,5.14,30,270.67,0.019,27,LinkedIn,Text,25-34,Male,South America,2490,7795.2,0.32,2024-04-07,4585,2024-04,2024Q2,4.93,259.84,0.32,-324.8,-0.04
901,C6513,5630,1788,0.1933,3.15,1196,4.71,0.6689,16,YouTube,Text,35-44,Other,Europe,232024,5686.3,40.8,2024-12-15,9249,2024-12,2024Q4,3.18,4.75,40.8,56.3,0.01
902,C7199,6590,1888,0.2803,3.49,723,9.11,0.3829,8,Google,Carousel,45-54,Male,Africa,73746,6260.5,11.78,2024-04-19,6735,2024-04,2024Q2,3.32,8.66,11.78,-329.5,-0.05
903,C5781,4790,999,0.2408,4.79,417,11.49,0.4174,28,LinkedIn,Image,55+,Female,North America,80481,4981.6,16.16,2024-12-30,4148,2024-12,2024Q4,4.99,11.95,16.16,191.6,0.04
904,C4414,8220,1629,1.0376,5.05,321,25.61,0.1971,9,Google,Text,45-54,Male,Asia,40446,8384.4,4.82,2024-03-17,1569,2024-03,2024Q1,5.15,26.12,4.82,164.4,0.02
905,C8092,4310,689,0.1186,6.26,576,7.48,0.836,30,YouTube,Image,55+,Other,North America,46080,4137.6,11.14,2025-01-07,5809,2025-01,2025Q1,6.01,7.18,11.14,-172.4,-0.04
906,C3515,3990,1876,0.3705,2.13,1474,2.71,0.7857,12,Facebook,Video,45-54,Other,Europe,241736,4029.9,59.99,2024-07-15,5063,2024-07,2024Q3,2.15,2.73,59.99,39.9,0.01
907,C1302,8000,952,0.3066,8.4,610,13.11,0.6408,18,LinkedIn,Image,18-24,Other,Europe,97600,8080.0,12.08,2024-06-30,3105,2024-06,2024Q2,8.49,13.25,12.08,80.0,0.01
908,C3038,8610,844,0.1056,10.2,65,132.46,0.077,14,Instagram,Video,18-24,Male,Africa,10855,8351.7,1.3,2024-08-09,7992,2024-08,2024Q3,9.9,128.49,1.3,-258.3,-0.03
909,C1172,9560,1347,0.2986,7.1,320,29.88,0.2376,18,LinkedIn,Carousel,35-44,Male,Asia,29760,9368.8,3.18,2024-05-23,4511,2024-05,2024Q2,6.96,29.28,3.18,-191.2,-0.02
910,C4068,3420,546,0.0574,6.26,312,10.96,0.5714,12,LinkedIn,Carousel,25-34,Male,South America,19344,3420.0,5.66,2024-07-14,9512,2024-07,2024Q3,6.26,10.96,5.66,0.0,0.0
911,C9608,2960,1676,0.1995,1.77,251,11.79,0.1498,15,LinkedIn,Image,45-54,Other,South America,47188,2989.6,15.78,2024-09-02,8401,2024-09,2024Q3,1.78,11.91,15.78,29.6,0.01
912,C5732,2910,673,0.1908,4.32,657,4.43,0.9762,25,YouTube,Text,25-34,Male,Africa,30879,2851.8,10.83,2024-06-02,3527,2024-06,2024Q2,4.24,4.34,10.83,-58.2,-0.02
913,C3443,8680,1857,0.363,4.67,1752,4.95,0.9435,17,Facebook,Video,45-54,Male,South America,129648,9114.0,14.23,2024-11-10,5115,2024-11,2024Q4,4.91,5.2,14.23,434.0,0.05
914,C5953,9000,1338,0.2519,6.73,877,10.26,0.6555,29,Facebook,Image,35-44,Other,Asia,31572,9360.0,3.37,2024-09-03,5311,2024-09,2024Q3,7.0,10.67,3.37,360.0,0.04
915,C6631,9410,1915,0.2125,4.91,1209,7.78,0.6313,28,Google,Image,45-54,Other,Europe,163215,9033.6,18.07,2024-03-17,9011,2024-03,2024Q1,4.72,7.47,18.07,-376.4,-0.04
916,C7633,2940,1192,0.1921,2.47,681,4.32,0.5713,12,Facebook,Image,45-54,Female,South America,82401,2793.0,29.5,2024-08-23,6205,2024-08,2024Q3,2.34,4.1,29.5,-147.0,-0.05
917,C5159,4350,724,0.0944,6.01,114,38.16,0.1575,10,Instagram,Video,18-24,Male,North America,14250,4567.5,3.12,2024-03-17,7669,2024-03,2024Q1,6.31,40.07,3.12,217.5,0.05
918,C9450,2970,1937,0.2312,1.53,847,3.51,0.4373,16,LinkedIn,Text,18-24,Other,South America,69454,3118.5,22.27,2024-09-27,8378,2024-09,2024Q3,1.61,3.68,22.27,148.5,0.05
919,C3621,6180,905,0.1009,6.83,369,16.75,0.4077,11,LinkedIn,Video,25-34,Other,North America,46125,6303.6,7.32,2024-10-31,8969,2024-10,2024Q4,6.97,17.08,7.32,123.6,0.02
920,C3313,5360,857,0.7388,6.25,509,10.53,0.5939,17,Instagram,Carousel,45-54,Other,Africa,86530,5252.8,16.47,2024-07-26,1159,2024-07,2024Q3,6.13,10.32,16.47,-107.2,-0.02
921,C2304,8380,1321,0.2309,6.34,787,10.65,0.5958,21,Facebook,Video,55+,Female,North America,110180,8463.8,13.02,2024-04-02,5721,2024-04,2024Q2,6.41,10.75,13.02,83.8,0.01
922,C1496,3620,314,0.0371,11.53,238,15.21,0.758,16,Instagram,Video,35-44,Other,North America,21420,3692.4,5.8,2024-04-13,8463,2024-04,2024Q2,11.76,15.51,5.8,72.4,0.02
923,C5301,8220,1562,0.2432,5.26,1366,6.02,0.8745,9,Instagram,Video,55+,Male,South America,132502,7973.4,16.62,2024-07-28,6422,2024-07,2024Q3,5.1,5.84,16.62,-246.6,-0.03
924,C6000,7460,692,0.0731,10.78,553,13.49,0.7991,18,Instagram,Carousel,18-24,Female,North America,74102,7236.2,10.24,2024-05-30,9466,2024-05,2024Q2,10.46,13.09,10.24,-223.8,-0.03
925,C4513,2270,1083,0.36,2.1,672,3.38,0.6205,7,Google,Text,35-44,Female,Africa,60480,2360.8,25.62,2024-05-18,3008,2024-05,2024Q2,2.18,3.51,25.62,90.8,0.04
926,C9316,3980,1707,0.5331,2.33,1675,2.38,0.9813,21,YouTube,Video,35-44,Female,Africa,108875,4139.2,26.3,2024-12-01,3202,2024-12,2024Q4,2.42,2.47,26.3,159.2,0.04
927,C9282,4220,386,0.1051,10.93,28,150.71,0.0725,18,Instagram,Carousel,55+,Female,Asia,1736,4220.0,0.41,2024-02-22,3672,2024-02,2024Q1,10.93,150.71,0.41,0.0,0.0
928,C2129,2140,428,0.2129,5.0,47,45.53,0.1098,27,LinkedIn,Video,55+,Female,Asia,6486,2054.4,3.16,2024-04-02,2010,2024-04,2024Q2,4.8,43.71,3.16,-85.6,-0.04
929,C8897,2540,1546,0.1954,1.64,339,7.49,0.2193,11,YouTube,Text,45-54,Other,South America,18645,2514.6,7.41,2024-02-17,7911,2024-02,2024Q1,1.63,7.42,7.41,-25.4,-0.01
930,C6985,4760,1175,0.1654,4.05,124,38.39,0.1055,20,Facebook,Image,45-54,Other,Africa,12648,4760.0,2.66,2025-01-18,7103,2025-01,2025Q1,4.05,38.39,2.66,0.0,0.0
931,C9929,9260,781,0.0837,11.86,391,23.68,0.5006,10,Google,Text,25-34,Other,Europe,15640,9352.6,1.67,2024-03-31,9330,2024-03,2024Q1,11.98,23.92,1.67,92.6,0.01
932,C7271,7140,1989,1.1477,3.59,121,59.01,0.0608,19,Facebook,Carousel,45-54,Other,Asia,12705,6854.4,1.85,2024-08-17,1733,2024-08,2024Q3,3.45,56.65,1.85,-285.6,-0.04
933,C1337,3900,274,0.0567,14.23,67,58.21,0.2445,17,Google,Image,25-34,Female,Asia,5360,3783.0,1.42,2025-01-03,4832,2025-01,2025Q1,13.81,56.46,1.42,-117.0,-0.03
934,C7277,2220,822,0.1075,2.7,685,3.24,0.8333,21,Instagram,Carousel,35-44,Other,Europe,56855,2220.0,25.61,2024-02-20,7646,2024-02,2024Q1,2.7,3.24,25.61,0.0,0.0
935,C4867,7890,1692,0.2423,4.66,1002,7.87,0.5922,26,Facebook,Image,55+,Other,South America,190380,7890.0,24.13,2024-11-13,6983,2024-11,2024Q4,4.66,7.87,24.13,0.0,0.0
936,C1530,8300,1784,0.1886,4.65,1495,5.55,0.838,24,YouTube,Carousel,25-34,Male,North America,198835,8466.0,23.49,2024-10-12,9459,2024-10,2024Q4,4.75,5.66,23.49,166.0,0.02
937,C3244,8720,1076,0.3021,8.1,1055,8.27,0.9805,9,Facebook,Image,18-24,Male,South America,200450,8720.0,22.99,2024-11-12,3561,2024-11,2024Q4,8.1,8.27,22.99,0.0,0.0
938,C9116,6960,1937,0.2914,3.59,1264,5.51,0.6526,22,YouTube,Video,18-24,Female,Africa,44240,7168.8,6.17,2024-11-29,6647,2024-11,2024Q4,3.7,5.67,6.17,208.8,0.03
939,C4858,8110,811,0.291,10.0,471,17.22,0.5808,15,Google,Text,55+,Male,South America,44745,8353.3,5.36,2025-01-25,2786,2025-01,2025Q1,10.3,17.74,5.36,243.3,0.03
940,C9627,6950,1466,0.2378,4.74,264,26.33,0.1801,22,YouTube,Text,18-24,Other,South America,12144,7089.0,1.71,2024-04-06,6164,2024-04,2024Q2,4.84,26.85,1.71,139.0,0.02
941,C4595,4540,1797,0.2351,2.53,1135,4.0,0.6316,26,Google,Text,55+,Male,South America,143010,4403.8,32.47,2024-10-11,7643,2024-10,2024Q4,2.45,3.88,32.47,-136.2,-0.03
942,C3279,6780,567,0.1181,11.96,553,12.26,0.9753,27,Google,Image,45-54,Other,Europe,48664,6983.4,6.97,2024-06-29,4801,2024-06,2024Q2,12.32,12.63,6.97,203.4,0.03
943,C4107,8580,182,0.032,47.14,130,66.0,0.7143,11,LinkedIn,Carousel,25-34,Female,Europe,12480,8665.8,1.44,2024-07-23,5687,2024-07,2024Q3,47.61,66.66,1.44,85.8,0.01
944,C5074,4060,146,0.0285,27.81,88,46.14,0.6027,27,Instagram,Text,25-34,Male,Europe,15312,4019.4,3.81,2024-10-20,5122,2024-10,2024Q4,27.53,45.68,3.81,-40.6,-0.01
945,C9572,8940,1995,0.4019,4.48,1469,6.09,0.7363,7,Google,Carousel,45-54,Female,Asia,89609,8671.8,10.33,2024-09-19,4963,2024-09,2024Q3,4.35,5.9,10.33,-268.2,-0.03
946,C5777,3480,543,0.1302,6.41,384,9.06,0.7072,19,Google,Carousel,35-44,Male,South America,15360,3584.4,4.29,2024-04-18,4170,2024-04,2024Q2,6.6,9.33,4.29,104.4,0.03
947,C3335,4570,1072,0.1265,4.26,496,9.21,0.4627,12,LinkedIn,Image,18-24,Other,Africa,86304,4661.4,18.51,2025-01-18,8474,2025-01,2025Q1,4.35,9.4,18.51,91.4,0.02
948,C8084,9400,734,0.5239,12.81,279,33.69,0.3801,7,LinkedIn,Text,18-24,Other,Europe,11997,9212.0,1.3,2024-02-14,1401,2024-02,2024Q1,12.55,33.02,1.3,-188.0,-0.02
949,C6713,7830,1051,0.1107,7.45,709,11.04,0.6746,29,Google,Text,18-24,Male,South America,128329,8143.2,15.76,2024-05-09,9494,2024-05,2024Q2,7.75,11.49,15.76,313.2,0.04
950,C9375,4700,1883,0.2638,2.5,202,23.27,0.1073,29,Facebook,Text,18-24,Male,Africa,10908,4559.0,2.39,2025-01-03,7137,2025-01,2025Q1,2.42,22.57,2.39,-141.0,-0.03
951,C7232,4360,1766,0.3298,2.47,17,256.47,0.0096,12,Google,Video,25-34,Other,South America,765,4578.0,0.17,2024-09-19,5354,2024-09,2024Q3,2.59,269.29,0.17,218.0,0.05
952,C7210,7880,310,0.0453,25.42,203,38.82,0.6548,13,LinkedIn,Video,55+,Male,Europe,8323,7958.8,1.05,2024-10-14,6843,2024-10,2024Q4,25.67,39.21,1.05,78.8,0.01
953,C9495,5890,841,0.1731,7.0,506,11.64,0.6017,15,Google,Image,25-34,Other,Europe,34408,5713.3,6.02,2024-06-07,4858,2024-06,2024Q2,6.79,11.29,6.02,-176.7,-0.03
954,C4588,3420,1001,0.1485,3.42,366,9.34,0.3656,20,YouTube,Text,25-34,Female,Africa,49410,3556.8,13.89,2024-07-14,6740,2024-07,2024Q3,3.55,9.72,13.89,136.8,0.04
955,C5788,7840,465,0.1949,16.86,121,64.79,0.2602,13,Facebook,Carousel,18-24,Female,Europe,22506,7604.8,2.96,2024-04-02,2385,2024-04,2024Q2,16.35,62.85,2.96,-235.2,-0.03
956,C1941,5250,50,0.0061,105.0,37,141.89,0.74,21,YouTube,Image,55+,Female,South America,5476,5302.5,1.03,2024-12-06,8196,2024-12,2024Q4,106.05,143.31,1.03,52.5,0.01
957,C8697,3310,1432,0.2642,2.31,584,5.67,0.4078,17,YouTube,Text,35-44,Female,Europe,89936,3243.8,27.73,2024-08-08,5420,2024-08,2024Q3,2.27,5.55,27.73,-66.2,-0.02
958,C6716,8830,1303,0.1452,6.78,941,9.38,0.7222,15,LinkedIn,Image,18-24,Female,Asia,122330,8388.5,14.58,2024-10-12,8973,2024-10,2024Q4,6.44,8.91,14.58,-441.5,-0.05
959,C4176,5920,1362,0.3036,4.35,111,53.33,0.0815,16,Google,Carousel,55+,Female,North America,14208,5979.2,2.38,2024-09-25,4486,2024-09,2024Q3,4.39,53.87,2.38,59.2,0.01
960,C9240,2720,1253,0.2487,2.17,865,3.14,0.6903,21,Facebook,Carousel,35-44,Other,South America,55360,2747.2,20.15,2024-11-20,5038,2024-11,2024Q4,2.19,3.18,20.15,27.2,0.01
961,C5548,3750,1466,0.164,2.56,850,4.41,0.5798,22,YouTube,Image,45-54,Male,North America,117300,3562.5,32.93,2024-09-01,8939,2024-09,2024Q3,2.43,4.19,32.93,-187.5,-0.05
962,C7090,3340,654,0.2195,5.11,511,6.54,0.7813,19,Instagram,Video,35-44,Female,Africa,57232,3239.8,17.67,2024-07-07,2979,2024-07,2024Q3,4.95,6.34,17.67,-100.2,-0.03
963,C2877,9280,1877,1.2017,4.94,1476,6.29,0.7864,27,LinkedIn,Image,18-24,Female,South America,123984,9651.2,12.85,2024-05-10,1561,2024-05,2024Q2,5.14,6.54,12.85,371.2,0.04
964,C1768,2180,660,0.3307,3.3,21,103.81,0.0318,11,Google,Text,45-54,Female,Europe,3150,2071.0,1.52,2025-01-21,1995,2025-01,2025Q1,3.14,98.62,1.52,-109.0,-0.05
965,C3904,7310,1907,1.1614,3.83,844,8.66,0.4426,8,Google,Carousel,35-44,Female,Europe,59080,7310.0,8.08,2024-06-05,1641,2024-06,2024Q2,3.83,8.66,8.08,0.0,0.0
966,C6315,9540,441,0.0927,21.63,335,28.48,0.7596,7,YouTube,Video,55+,Male,Asia,61975,9063.0,6.84,2024-10-21,4757,2024-10,2024Q4,20.55,27.05,6.84,-477.0,-0.05
967,C1205,2030,809,0.0826,2.51,105,19.33,0.1298,27,Facebook,Video,35-44,Female,South America,10080,2131.5,4.73,2024-03-15,9794,2024-03,2024Q1,2.63,20.3,4.73,101.5,0.05
968,C3516,8740,1264,0.1546,6.91,734,11.91,0.5807,21,LinkedIn,Video,35-44,Other,South America,27892,8303.0,3.36,2024-09-06,8175,2024-09,2024Q3,6.57,11.31,3.36,-437.0,-0.05
969,C2591,9970,452,0.0843,22.06,257,38.79,0.5686,15,Facebook,Carousel,18-24,Female,North America,29041,10468.5,2.77,2025-01-07,5361,2025-01,2025Q1,23.16,40.73,2.77,498.5,0.05
970,C6317,7700,545,0.0627,14.13,421,18.29,0.7725,27,Instagram,Carousel,55+,Male,Africa,72833,7931.0,9.18,2024-04-21,8692,2024-04,2024Q2,14.55,18.84,9.18,231.0,0.03
971,C4872,8280,1790,0.3517,4.63,806,10.27,0.4503,22,Google,Image,18-24,Female,Asia,108004,8197.2,13.18,2024-08-26,5089,2024-08,2024Q3,4.58,10.17,13.18,-82.8,-0.01
972,C4193,6630,689,0.1552,9.62,584,11.35,0.8476,28,Google,Text,18-24,Female,Africa,30952,6364.8,4.86,2024-09-22,4439,2024-09,2024Q3,9.24,10.9,4.86,-265.2,-0.04
973,C6242,9170,1005,0.183,9.12,199,46.08,0.198,13,Instagram,Text,18-24,Other,Europe,20099,9170.0,2.19,2024-12-29,5491,2024-12,2024Q4,9.12,46.08,2.19,0.0,0.0
974,C7151,9790,1964,0.2852,4.98,1432,6.84,0.7291,16,Instagram,Image,18-24,Female,North America,111696,9790.0,11.41,2024-09-27,6886,2024-09,2024Q3,4.98,6.84,11.41,0.0,0.0
975,C2982,5280,1143,1.1239,4.62,750,7.04,0.6562,26,YouTube,Image,45-54,Male,Asia,30750,5332.8,5.77,2024-11-01,1016,2024-11,2024Q4,4.67,7.11,5.77,52.8,0.01
976,C4697,4510,302,0.0468,14.93,15,300.67,0.0497,11,Instagram,Image,45-54,Female,South America,1845,4374.7,0.42,2024-07-03,6452,2024-07,2024Q3,14.49,291.65,0.42,-135.3,-0.03
977,C8156,5160,279,0.0287,18.49,77,67.01,0.276,13,LinkedIn,Text,35-44,Female,Asia,8624,5418.0,1.59,2024-03-27,9721,2024-03,2024Q1,19.42,70.36,1.59,258.0,0.05
978,C1670,4540,868,0.2362,5.23,173,26.24,0.1993,9,Facebook,Text,35-44,Female,Africa,21625,4630.8,4.67,2024-10-20,3674,2024-10,2024Q4,5.34,26.77,4.67,90.8,0.02
979,C5090,6640,1838,1.1059,3.61,1607,4.13,0.8743,13,LinkedIn,Text,25-34,Male,Europe,136595,6706.4,20.37,2024-04-26,1661,2024-04,2024Q2,3.65,4.17,20.37,66.4,0.01
980,C2853,3600,914,0.5807,3.94,840,4.29,0.919,26,LinkedIn,Text,25-34,Female,Europe,47880,3708.0,12.91,2024-12-21,1573,2024-12,2024Q4,4.06,4.41,12.91,108.0,0.03
981,C1814,7350,274,0.0899,26.82,182,40.38,0.6642,14,Google,Carousel,45-54,Male,North America,20202,7276.5,2.78,2024-03-15,3047,2024-03,2024Q1,26.56,39.98,2.78,-73.5,-0.01
982,C4964,6610,65,0.0156,101.69,44,150.23,0.6769,24,Google,Video,18-24,Male,South America,3608,6279.5,0.57,2024-06-11,4166,2024-06,2024Q2,96.61,142.72,0.57,-330.5,-0.05
983,C2710,2290,1620,0.5633,1.41,398,5.75,0.2457,7,Google,Carousel,55+,Female,Africa,11940,2358.7,5.06,2024-04-29,2875,2024-04,2024Q2,1.46,5.93,5.06,68.7,0.03
984,C9612,9110,384,0.0672,23.72,219,41.6,0.5703,22,YouTube,Video,55+,Female,Asia,41610,8927.8,4.66,2024-05-30,5714,2024-05,2024Q2,23.25,40.77,4.66,-182.2,-0.02
985,C8303,2160,286,0.0312,7.55,92,23.48,0.3217,20,Instagram,Carousel,55+,Male,Europe,13708,2203.2,6.22,2024-07-24,9166,2024-07,2024Q3,7.7,23.95,6.22,43.2,0.02
986,C6328,9760,349,0.0832,27.97,49,199.18,0.1404,30,YouTube,Carousel,55+,Male,Asia,1519,9467.2,0.16,2024-08-17,4194,2024-08,2024Q3,27.13,193.21,0.16,-292.8,-0.03
987,C6573,5530,1978,0.2334,2.8,406,13.62,0.2053,28,Facebook,Image,45-54,Female,North America,78764,5585.3,14.1,2024-02-14,8474,2024-02,2024Q1,2.82,13.76,14.1,55.3,0.01
988,C6368,4750,348,0.1153,13.65,159,29.87,0.4569,20,YouTube,Image,45-54,Male,Africa,26871,4702.5,5.71,2024-02-26,3018,2024-02,2024Q1,13.51,29.58,5.71,-47.5,-0.01
989,C1247,2130,994,0.4846,2.14,530,4.02,0.5332,19,Facebook,Text,55+,Other,North America,65720,2172.6,30.25,2024-04-23,2051,2024-04,2024Q2,2.19,4.1,30.25,42.6,0.02
990,C3761,3870,595,0.2932,6.5,96,40.31,0.1613,21,Google,Carousel,45-54,Male,South America,4512,3831.3,1.18,2024-06-26,2029,2024-06,2024Q2,6.44,39.91,1.18,-38.7,-0.01
991,C1521,4230,1373,0.164,3.08,1233,3.43,0.898,8,YouTube,Video,55+,Other,Europe,38223,4103.1,9.32,2024-02-17,8371,2024-02,2024Q1,2.99,3.33,9.32,-126.9,-0.03
992,C1850,7960,1272,0.1715,6.26,1226,6.49,0.9638,11,Facebook,Carousel,55+,Other,South America,197386,8119.2,24.31,2025-01-04,7416,2025-01,2025Q1,6.38,6.62,24.31,159.2,0.02
993,C5759,4090,620,0.1059,6.6,383,10.68,0.6177,14,Google,Image,55+,Female,South America,39832,4253.6,9.36,2024-03-07,5854,2024-03,2024Q1,6.86,11.11,9.36,163.6,0.04
994,C2505,3580,1711,0.1768,2.09,1351,2.65,0.7896,8,LinkedIn,Text,45-54,Male,South America,171577,3508.4,48.9,2025-01-05,9677,2025-01,2025Q1,2.05,2.6,48.9,-71.6,-0.02
995,C9439,5720,1888,0.2612,3.03,143,40.0,0.0757,10,Facebook,Image,18-24,Female,Africa,27885,5834.4,4.78,2024-04-10,7228,2024-04,2024Q2,3.09,40.8,4.78,114.4,0.02
996,C4071,7400,657,0.0986,11.26,136,54.41,0.207,27,Facebook,Carousel,18-24,Other,Europe,24072,7696.0,3.13,2024-08-15,6663,2024-08,2024Q3,11.71,56.59,3.13,296.0,0.04
997,C2402,3670,1534,0.1974,2.39,1258,2.92,0.8201,26,LinkedIn,Video,18-24,Other,Asia,206312,3523.2,58.56,2024-11-08,7771,2024-11,2024Q4,2.3,2.8,58.56,-146.8,-0.04
998,C3257,4820,231,0.0238,20.87,83,58.07,0.3593,20,Google,Video,55+,Other,North America,5146,5061.0,1.02,2025-01-16,9705,2025-01,2025Q1,21.91,60.98,1.02,241.0,0.05
999,C4315,9330,395,0.0517,23.62,239,39.04,0.6051,26,Instagram,Image,55+,Other,Europe,35372,8956.8,3.95,2025-01-26,7640,2025-01,2025Q1,22.68,37.48,3.95,-373.2,-0.04
1000,C1412,3070,493,0.1965,6.23,415,7.4,0.8418,10,Instagram,Carousel,25-34,Other,Asia,41915,3192.8,13.13,2024-02-22,2508,2024-02,2024Q1,6.48,7.69,13.13,122.8,0.04
